id,customer_id,amount,category,date
0,5023914,6020.66,bills,2023-01-23
1,5065571,,food,2023-08-20
2,5052882,7890.49,Bills,2023-12-07
3,5096424,1978.97,Shopping,2023-06-13
4,5149887,8413.15,Shopping,2023-01-27
5,5053354,2968.73,Entertainment,2023-07-03
6,5143427,9277.31,Travel,2023-06-17
7,5142482,1776.39,food,2023-04-30
8,5028909,376.66,Travel,2023-06-04
9,5021267,4203.96,,2023-02-06
10,5068389,8145.75,food,2023-11-02
11,5146114,,Bills,2023-05-24
12,5091983,9420.22,Shopping,2023-07-05
13,5023089,3459.39,entertainment,2023-01-10
14,5054699,2951.41,travel ,2023-02-24
15,5096300,451.01,Travel,2023-06-18
16,5096621,1863.56,Food,2023-12-27
17,5009744,200.1,,2023-03-26
18,5118268,9254.88,Shopping,2023-12-19
19,5142920,6662.14,travel ,2023-04-15
20,5149744,2952.12,entertainment,2023-07-03
21,5135705,8337.87,Food,2023-11-23
22,5022156,7788.46,food,2023-02-18
23,5068147,4599.6,Bills,2023-06-04
24,5118219,8238.98,bills,2023-07-14
25,5046415,381.47,travel ,2023-11-19
26,5066562,7875.29,travel ,2023-12-10
27,5112662,8629.68,Food,2023-12-04
28,5061076,2784.52,Entertainment,2023-06-09
29,5105555,,entertainment,2023-12-06
30,5118219,,food,2023-09-24
31,5115984,7726.86,Travel,2023-07-07
32,5068019,5937.51,,2023-01-23
33,5116018,6220.8,travel ,2023-04-07
34,5090493,6932.5,food,2023-05-23
35,5145817,8102.6,Travel,2023-03-13
36,5010596,6520.54,Food,2023-04-14
37,5045742,8249.7,Entertainment,2023-07-07
38,5117753,8385.76,Travel,2023-08-29
39,5054460,2450.04,Shopping,2023-02-17
40,5148732,9245.52,bills,2023-05-12
41,5150164,3054.0,travel ,2023-07-25
42,5028909,8314.29,Food,2023-10-27
43,5116302,9869.97,Shopping,2023-08-14
44,5022954,5595.24,food,2023-11-26
45,5066843,7644.21,,2023-12-20
46,5143427,6516.67,Travel,2023-08-12
47,5116991,3609.93,,2023-01-01
48,5022243,7432.18,Bills,2023-07-28
49,5022617,7270.25,Entertainment,2023-07-03
50,5052877,7272.34,travel ,2023-01-23
51,5142812,1124.33,Food,2023-05-22
52,5010498,4457.29,,2023-05-20
53,5069399,8402.06,Bills,2023-05-30
54,5054058,5637.79,Food,2023-02-04
55,5061321,5590.19,Travel,2023-07-02
56,5132569,7423.12,Food,2023-12-24
57,5050619,7300.92,,2023-10-12
58,5106118,974.26,Bills,2023-03-26
59,5021584,8640.59,Shopping,2023-03-27
60,5023692,,Bills,2023-12-26
61,5126124,2333.65,,2023-08-07
62,5146114,8597.74,bills,2023-03-12
63,5117450,8394.72,Shopping,2023-09-18
64,5113343,-1000.0,Entertainment,2023-08-28
65,5053592,,entertainment,2023-10-20
66,5113847,3757.03,Shopping,2023-07-02
67,5115884,4153.14,Food,2023-04-04
68,5074735,,Entertainment,2023-10-04
69,5042064,3886.26,bills,2023-12-14
70,5137385,4450.51,,2023-06-05
71,5089218,993.26,,2023-04-24
72,5095896,,Travel,2023-08-27
73,5089719,2104.54,Shopping,2023-04-26
74,5009319,7414.68,bills,2023-09-19
75,5090470,3475.4,Shopping,2023-01-20
76,5066709,1010.92,food,2023-09-02
77,5042286,,,2023-03-30
78,5143515,8921.67,Shopping,2023-04-10
79,5033895,6603.05,Bills,2023-03-08
80,5111159,3007.18,Travel,2023-02-06
81,5146410,7126.69,Shopping,2023-06-07
82,5051120,2893.74,food,2023-05-04
83,5132752,8610.69,bills,2023-07-20
84,5021293,632.53,Food,2023-04-26
85,5066562,4390.47,Shopping,2023-07-24
86,5139757,1804.8,entertainment,2023-08-30
87,5116373,5287.29,Travel,2023-07-16
88,5079141,5894.08,,2023-01-20
89,5146447,4207.31,Entertainment,2023-01-08
90,5021879,3755.64,Food,2023-12-23
91,5067242,6487.93,travel ,2023-09-18
92,5065342,2523.84,bills,2023-10-30
93,5148748,1962.34,Travel,2023-04-12
94,5146558,8840.44,Shopping,2023-02-02
95,5066879,4992.31,bills,2023-04-12
96,5065723,-1000.0,Travel,2023-12-17
97,5146558,9822.78,Bills,2023-10-05
98,5095423,6788.99,Food,2023-08-01
99,5145817,2235.33,Entertainment,2023-10-09
100,5010526,595.6,travel ,2023-12-30
101,5033814,8783.81,Entertainment,2023-09-01
102,5024670,6571.18,entertainment,2023-12-21
103,5050655,3457.6,Entertainment,2023-09-14
104,5148897,1005.36,food,2023-08-01
105,5115957,9891.45,entertainment,2023-09-14
106,5053173,3405.61,Entertainment,2023-09-22
107,5069257,6772.12,Travel,2023-11-26
108,5125710,2152.88,Shopping,2023-06-13
109,5091963,7169.85,,2023-01-17
110,5126108,9332.36,Food,2023-07-03
111,5044594,4997.1,food,2023-12-21
112,5061636,5309.37,Travel,2023-10-26
113,5118108,9416.98,Travel,2023-08-14
114,5139410,9412.94,Entertainment,2023-08-12
115,5069169,8654.62,food,2023-09-19
116,5058352,5159.44,Food,2023-03-21
117,5116809,4650.69,Bills,2023-06-21
118,5061145,7086.53,Entertainment,2023-08-06
119,5033966,8956.52,Bills,2023-03-28
120,5115921,558.87,,2023-03-28
121,5050603,6721.53,food,2023-03-14
122,5054099,7801.23,entertainment,2023-11-29
123,5125524,9670.36,Entertainment,2023-01-02
124,5090788,8426.86,Travel,2023-04-21
125,5137151,4956.05,Travel,2023-01-07
126,5096670,124.33,Food,2023-03-27
127,5089269,2775.91,,2023-08-30
128,5137542,2048.85,Bills,2023-04-19
129,5053918,780.29,Entertainment,2023-02-04
130,5091735,5438.71,bills,2023-06-12
131,5113163,978.07,Bills,2023-12-11
132,5142691,5471.87,,2023-03-18
133,5010435,1907.74,Entertainment,2023-01-28
134,5061360,8330.51,travel ,2023-04-11
135,5125158,,Shopping,2023-04-27
136,5021214,6249.18,entertainment,2023-10-23
137,5037088,5350.17,Food,2023-04-12
138,5053388,2517.49,food,2023-11-13
139,5021267,692.66,entertainment,2023-10-22
140,5105791,3375.85,Shopping,2023-09-01
141,5111117,2190.8,,2023-03-22
142,5089137,414.39,Shopping,2023-10-03
143,5010025,952.65,Travel,2023-09-24
144,5052722,5670.17,bills,2023-03-02
145,5105819,5870.78,entertainment,2023-09-25
146,5091929,,Travel,2023-08-20
147,5046340,5696.0,Travel,2023-10-29
148,5065704,2855.68,food,2023-12-08
149,5142458,8341.92,,2023-06-12
150,5137401,2030.84,food,2023-03-26
151,5023831,4347.97,food,2023-07-11
152,5036660,7331.5,Entertainment,2023-09-07
153,5053182,9680.24,Food,2023-12-25
154,5117216,427.66,Shopping,2023-09-03
155,5100133,2896.89,Food,2023-06-05
156,5052952,782.91,,2023-09-30
157,5096085,-1000.0,food,2023-10-19
158,5042232,3313.88,bills,2023-04-22
159,5126751,152.05,Shopping,2023-03-12
160,5113180,1188.11,entertainment,2023-08-22
161,5028446,459.51,travel ,2023-03-24
162,5009752,2252.65,Food,2023-03-23
163,5037169,3152.96,Food,2023-05-14
164,5096670,9235.81,food,2023-11-24
165,5146114,2141.91,bills,2023-08-19
166,5065763,351.27,Food,2023-03-22
167,5021303,6065.7,travel ,2023-01-09
168,5067262,-1000.0,Bills,2023-04-09
169,5046283,5777.34,travel ,2023-12-23
170,5111117,5925.39,Entertainment,2023-01-28
171,5091894,6615.43,Shopping,2023-05-06
172,5035627,6976.91,Travel,2023-05-18
173,5116801,,food,2023-04-12
174,5149980,5390.2,bills,2023-06-03
175,5117594,7131.86,Travel,2023-07-25
176,5135863,5809.08,food,2023-11-28
177,5142185,5727.92,entertainment,2023-08-11
178,5125399,1506.76,bills,2023-11-23
179,5118278,8609.58,Bills,2023-02-21
180,5024916,5931.26,Shopping,2023-10-13
181,5118527,1479.46,food,2023-07-17
182,5037212,5790.14,Entertainment,2023-10-20
183,5091925,6639.33,Bills,2023-05-07
184,5118268,3969.42,Entertainment,2023-12-17
185,5054625,7756.94,,2023-11-11
186,5089117,2739.85,Bills,2023-05-17
187,5038619,8283.9,Food,2023-09-23
188,5009053,1608.4,food,2023-07-15
189,5045439,,Food,2023-09-03
190,5089954,8582.82,bills,2023-08-23
191,5053941,4774.75,Food,2023-04-21
192,5126308,5290.23,Entertainment,2023-10-06
193,5125716,7588.21,Travel,2023-08-26
194,5033628,8449.86,Bills,2023-11-14
195,5066915,3320.37,bills,2023-09-27
196,5024586,2007.16,Entertainment,2023-04-12
197,5142153,8076.44,travel ,2023-02-20
198,5149188,8317.63,entertainment,2023-11-04
199,5046035,1919.21,Food,2023-05-07
200,5062131,7104.35,entertainment,2023-07-07
201,5067542,2765.17,Entertainment,2023-02-14
202,5146472,6424.73,Food,2023-04-01
203,5142584,3947.93,Shopping,2023-05-18
204,5113057,5771.22,entertainment,2023-06-13
205,5067723,2934.1,entertainment,2023-07-29
206,5054460,4656.17,Shopping,2023-09-18
207,5041921,5753.81,Shopping,2023-06-15
208,5068238,,bills,2023-12-17
209,5044987,7089.4,Shopping,2023-11-05
210,5135378,6381.03,bills,2023-07-19
211,5149980,9362.48,Bills,2023-07-20
212,5091766,5191.32,Entertainment,2023-03-06
213,5149592,1582.35,Shopping,2023-10-13
214,5023692,6311.09,,2023-06-24
215,5069216,7209.68,entertainment,2023-05-07
216,5061360,8301.19,travel ,2023-05-25
217,5045614,5163.57,Travel,2023-04-05
218,5024148,3835.6,Entertainment,2023-07-24
219,5091735,5792.47,Food,2023-11-18
220,5045798,7760.11,Food,2023-07-11
221,5021737,1500.48,Food,2023-11-20
222,5143016,6570.82,Bills,2023-06-20
223,5024916,3464.54,Food,2023-04-09
224,5054697,7987.63,Bills,2023-11-17
225,5117756,650.54,Shopping,2023-10-07
226,5021693,3227.97,bills,2023-04-14
227,5024263,2646.01,travel ,2023-06-23
228,5069066,7613.51,entertainment,2023-09-14
229,5045888,9277.32,Bills,2023-03-03
230,5029400,7804.83,travel ,2023-08-23
231,5089632,268.49,Bills,2023-05-26
232,5145970,6528.44,Bills,2023-08-01
233,5051007,5957.24,food,2023-11-13
234,5148573,1363.96,travel ,2023-09-22
235,5068238,6759.04,Entertainment,2023-12-28
236,5067926,6967.14,Bills,2023-11-07
237,5041271,5697.56,bills,2023-05-14
238,5113639,5729.75,Travel,2023-02-21
239,5035682,1565.99,travel ,2023-12-26
240,5065763,3817.88,entertainment,2023-12-12
241,5010881,2926.65,bills,2023-01-07
242,5009739,97.41,entertainment,2023-10-01
243,5091369,635.06,bills,2023-01-27
244,5088699,7136.76,entertainment,2023-12-18
245,5009845,2052.8,Shopping,2023-05-16
246,5140019,9015.06,Shopping,2023-03-29
247,5036765,6381.15,Travel,2023-03-27
248,5113288,5132.34,food,2023-10-31
249,5146123,853.23,Food,2023-11-27
250,5036936,8242.77,Entertainment,2023-12-23
251,5118397,8119.33,,2023-03-16
252,5089512,4379.84,entertainment,2023-06-04
253,5052879,6462.36,Entertainment,2023-06-01
254,5068378,4961.48,Entertainment,2023-12-21
255,5068648,8284.95,Bills,2023-02-23
256,5149484,2074.38,Bills,2023-04-12
257,5105614,6812.35,entertainment,2023-11-25
258,5137163,,Entertainment,2023-09-26
259,5078805,1558.13,Bills,2023-07-16
260,5036474,7085.22,,2023-04-27
261,5115679,6582.39,Shopping,2023-04-22
262,5117248,8440.83,Travel,2023-10-19
263,5067187,6504.37,bills,2023-07-13
264,5132752,3904.3,Travel,2023-03-21
265,5050440,7488.55,bills,2023-04-01
266,5029544,9651.41,entertainment,2023-09-08
267,5146447,2720.68,Entertainment,2023-03-15
268,5146429,2634.73,food,2023-02-19
269,5125710,4786.8,food,2023-04-07
270,5091826,8993.0,Shopping,2023-04-09
271,5028337,6100.03,food,2023-01-01
272,5104868,1763.01,Bills,2023-10-09
273,5061500,3176.37,Bills,2023-02-26
274,5022449,5408.41,bills,2023-12-30
275,5115671,1634.95,Shopping,2023-11-19
276,5069117,7804.7,Entertainment,2023-10-08
277,5116343,7162.33,Entertainment,2023-05-02
278,5114060,,,2023-05-14
279,5069199,5067.82,bills,2023-02-12
280,5067345,7963.84,Entertainment,2023-03-13
281,5114060,690.23,Food,2023-11-06
282,5117716,2515.48,Entertainment,2023-05-15
283,5105550,9165.67,food,2023-01-12
284,5037212,1909.48,entertainment,2023-06-10
285,5024258,6469.99,Entertainment,2023-03-04
286,5090805,9301.84,Food,2023-05-25
287,5113711,4929.85,Travel,2023-01-13
288,5045742,2851.86,entertainment,2023-11-26
289,5029028,5077.64,,2023-07-30
290,5116036,7444.62,entertainment,2023-12-19
291,5035627,5920.81,Food,2023-08-13
292,5036660,7679.77,,2023-03-24
293,5115671,6257.22,Bills,2023-02-13
294,5045255,580.82,food,2023-12-01
295,5009291,804.68,,2023-12-06
296,5045513,2756.77,Shopping,2023-01-05
297,5025047,5567.69,bills,2023-04-21
298,5068038,8534.78,Bills,2023-03-19
299,5143353,8978.37,food,2023-04-18
300,5136976,8353.42,entertainment,2023-04-02
301,5143164,2516.18,bills,2023-04-30
302,5054453,6360.66,Travel,2023-02-04
303,5091564,4735.68,travel ,2023-06-21
304,5054079,1490.58,Entertainment,2023-02-27
305,5069216,1997.37,,2023-05-09
306,5091826,3371.82,Entertainment,2023-07-26
307,5066915,8102.54,Entertainment,2023-05-17
308,5115921,7872.71,Food,2023-09-28
309,5079166,7080.46,,2023-11-18
310,5050975,8427.69,entertainment,2023-10-31
311,5090214,554.72,Travel,2023-08-06
312,5116373,8339.6,,2023-01-15
313,5143016,2752.54,Entertainment,2023-06-05
314,5150038,8606.75,Entertainment,2023-02-07
315,5033884,2584.91,Entertainment,2023-04-15
316,5035627,1121.47,bills,2023-01-21
317,5114249,8870.99,Entertainment,2023-12-15
318,5033966,1401.21,entertainment,2023-04-06
319,5089896,3956.35,Food,2023-07-19
320,5090082,5012.17,Entertainment,2023-10-09
321,5100373,8939.68,Shopping,2023-03-28
322,5067299,8468.77,Travel,2023-06-02
323,5137163,6628.22,Bills,2023-03-22
324,5105422,285.0,,2023-02-16
325,5028572,8369.9,bills,2023-09-23
326,5113006,4818.62,Entertainment,2023-07-21
327,5065462,2684.91,Entertainment,2023-04-25
328,5058345,5433.15,Bills,2023-09-16
329,5037008,3785.99,Bills,2023-10-01
330,5090612,6501.87,Travel,2023-08-07
331,5024527,4470.39,travel ,2023-09-25
332,5037254,2553.18,,2023-02-26
333,5146114,5996.55,Bills,2023-04-12
334,5041273,7433.12,Entertainment,2023-03-06
335,5118225,9505.14,food,2023-03-22
336,5056077,2203.58,Entertainment,2023-06-05
337,5146410,3948.75,travel ,2023-12-10
338,5033884,4113.45,Food,2023-06-13
339,5125289,,Travel,2023-03-12
340,5023092,3124.46,food,2023-09-15
341,5145965,4729.7,Travel,2023-07-19
342,5021790,,Food,2023-05-17
343,5074705,5225.81,Bills,2023-10-10
344,5048478,4867.96,bills,2023-05-11
345,5079075,9557.11,Bills,2023-11-14
346,5117095,9753.85,Shopping,2023-06-19
347,5105466,381.76,food,2023-05-28
348,5028726,6751.78,bills,2023-08-08
349,5024592,2281.23,,2023-05-04
350,5062294,1314.2,Bills,2023-10-18
351,5024033,7750.29,Food,2023-03-29
352,5069216,5207.3,Food,2023-12-17
353,5092021,2970.04,Shopping,2023-03-29
354,5062214,966.39,Food,2023-12-10
355,5067262,7557.47,Entertainment,2023-04-18
356,5116613,8757.96,travel ,2023-06-07
357,5033797,5974.78,food,2023-10-02
358,5052739,192.93,Food,2023-08-03
359,5114427,,Shopping,2023-05-20
360,5112652,1881.14,food,2023-01-04
361,5037254,1268.51,Shopping,2023-09-21
362,5097170,4436.6,Shopping,2023-10-04
363,5024586,7185.03,Bills,2023-12-27
364,5096059,6363.55,bills,2023-06-05
365,5066915,4319.95,travel ,2023-10-03
366,5114354,607.05,Food,2023-12-28
367,5145964,2919.89,Bills,2023-04-06
368,5022243,4528.62,entertainment,2023-04-11
369,5116005,2095.81,,2023-09-08
370,5065601,,Bills,2023-04-29
371,5111159,2773.68,Travel,2023-06-09
372,5105556,196.52,travel ,2023-08-10
373,5068262,3644.13,,2023-06-30
374,5058286,4109.41,Entertainment,2023-04-28
375,5025791,4195.8,entertainment,2023-04-09
376,5010795,,Shopping,2023-06-27
377,5054625,1358.86,food,2023-08-06
378,5132784,7005.13,,2023-11-19
379,5125775,6002.22,entertainment,2023-09-23
380,5150221,9643.68,bills,2023-11-20
381,5045917,4979.65,travel ,2023-10-20
382,5067419,8558.12,food,2023-01-16
383,5023186,9456.3,food,2023-06-27
384,5142248,3981.22,Shopping,2023-04-15
385,5149834,1506.27,Travel,2023-02-01
386,5142691,5854.33,,2023-07-27
387,5024604,6397.61,Bills,2023-09-02
388,5090995,7656.53,bills,2023-05-19
389,5139548,59.63,travel ,2023-12-16
390,5143353,6965.71,bills,2023-12-14
391,5061207,8395.55,Shopping,2023-01-03
392,5046362,263.66,Entertainment,2023-09-09
393,5115679,5180.48,Entertainment,2023-09-14
394,5029725,4857.32,Shopping,2023-12-22
395,5046362,3906.87,bills,2023-11-26
396,5143573,6473.84,,2023-05-11
397,5113539,5067.48,Shopping,2023-12-20
398,5028737,8521.75,Shopping,2023-12-04
399,5137187,9882.87,Travel,2023-08-16
400,5048300,3148.34,,2023-05-21
401,5058345,9808.46,Travel,2023-06-01
402,5090861,1143.11,,2023-02-12
403,5091016,7955.84,,2023-09-06
404,5067653,7176.31,Bills,2023-06-09
405,5089770,-1000.0,Shopping,2023-09-18
406,5148812,5256.93,travel ,2023-04-23
407,5023914,8984.49,Entertainment,2023-08-31
408,5079075,7153.98,entertainment,2023-10-11
409,5087538,226.92,Bills,2023-09-19
410,5150047,4216.73,Shopping,2023-07-22
411,5061340,5129.12,entertainment,2023-08-19
412,5021430,8405.21,,2023-11-22
413,5041522,3833.88,Entertainment,2023-09-05
414,5050793,2397.63,bills,2023-04-11
415,5022189,7428.9,Entertainment,2023-07-17
416,5010185,8999.21,,2023-08-17
417,5061246,4426.06,Shopping,2023-05-26
418,5045113,2614.94,Shopping,2023-03-24
419,5065335,111.73,bills,2023-07-25
420,5092164,3032.3,Bills,2023-10-05
421,5146005,5342.27,Bills,2023-03-16
422,5125761,9450.21,food,2023-06-03
423,5045614,1327.43,Food,2023-09-07
424,5090954,93.86,Bills,2023-01-04
425,5078924,6808.27,Entertainment,2023-11-17
426,5132340,3280.76,food,2023-04-10
427,5052811,5660.24,bills,2023-05-06
428,5146318,7417.04,Shopping,2023-12-22
429,5139729,9234.2,bills,2023-07-14
430,5037247,7853.53,Bills,2023-11-25
431,5009744,3296.51,Shopping,2023-03-03
432,5051187,5953.2,bills,2023-02-09
433,5116005,9538.66,Food,2023-03-04
434,5100464,3047.79,Shopping,2023-12-12
435,5088699,2537.89,food,2023-02-14
436,5125716,1523.48,Travel,2023-02-08
437,5024049,7977.65,Travel,2023-08-10
438,5115984,7734.26,Shopping,2023-04-14
439,5021879,1730.22,travel ,2023-07-31
440,5135574,716.11,Bills,2023-11-25
441,5069028,6693.64,Entertainment,2023-06-22
442,5145817,6093.76,Entertainment,2023-06-27
443,5050724,6275.31,Entertainment,2023-01-05
444,5091771,3549.96,travel ,2023-06-08
445,5050853,6067.9,food,2023-03-28
446,5053610,8253.35,Travel,2023-05-19
447,5061253,729.95,travel ,2023-02-23
448,5009195,7399.02,bills,2023-08-27
449,5125585,,entertainment,2023-08-01
450,5146296,,travel ,2023-06-25
451,5022930,2299.53,Entertainment,2023-04-29
452,5067016,4595.67,Food,2023-05-06
453,5143560,1322.97,Travel,2023-06-26
454,5056237,,bills,2023-11-25
455,5037088,5440.34,entertainment,2023-04-28
456,5125235,2809.47,travel ,2023-04-11
457,5090954,5284.65,travel ,2023-06-02
458,5024666,8448.46,food,2023-03-21
459,5065705,4947.9,Entertainment,2023-01-06
460,5067924,6042.48,Entertainment,2023-10-09
461,5142118,7945.74,Shopping,2023-03-08
462,5113159,4736.75,Shopping,2023-01-24
463,5022954,3004.53,Bills,2023-11-28
464,5065798,4412.47,Entertainment,2023-04-13
465,5139859,4662.1,,2023-10-01
466,5079057,1600.92,travel ,2023-07-12
467,5041869,4222.72,Entertainment,2023-04-16
468,5135531,6027.18,Shopping,2023-07-20
469,5095324,4012.52,Bills,2023-11-28
470,5068324,4002.58,Travel,2023-07-16
471,5010225,7772.96,bills,2023-11-12
472,5067643,,Food,2023-12-15
473,5061896,2749.28,bills,2023-10-04
474,5069307,5077.61,Bills,2023-11-01
475,5088055,3938.38,Shopping,2023-12-02
476,5061253,8432.43,Food,2023-08-01
477,5088433,3128.03,entertainment,2023-06-06
478,5018503,2969.63,Travel,2023-08-16
479,5010203,8301.27,food,2023-03-29
480,5142529,465.4,,2023-11-29
481,5024263,9409.16,,2023-04-19
482,5113556,1856.35,Food,2023-04-07
483,5046086,3605.01,entertainment,2023-12-07
484,5010202,2927.38,food,2023-02-10
485,5146005,-1000.0,Food,2023-08-31
486,5096785,,bills,2023-01-19
487,5096336,6332.75,Travel,2023-05-02
488,5023410,7462.32,,2023-01-23
489,5054775,4207.18,bills,2023-10-15
490,5097065,5487.36,Shopping,2023-04-19
491,5135378,4366.43,Food,2023-08-10
492,5024038,,Bills,2023-04-05
493,5136909,6325.33,,2023-05-10
494,5067638,4999.54,travel ,2023-02-27
495,5048425,8625.26,entertainment,2023-11-01
496,5018503,1764.1,Shopping,2023-07-10
497,5045070,4472.59,Shopping,2023-04-06
498,5038814,5084.81,Food,2023-10-22
499,5146167,9466.66,entertainment,2023-12-22
500,5105565,4096.85,food,2023-03-11
501,5116343,1052.46,Shopping,2023-08-06
502,5067444,-1000.0,Entertainment,2023-05-02
503,5062525,8191.83,bills,2023-11-12
504,5115610,2559.53,bills,2023-08-07
505,5117561,9921.41,Entertainment,2023-01-15
506,5045850,9334.32,travel ,2023-04-20
507,5117698,5490.21,Bills,2023-09-07
508,5029529,3329.87,entertainment,2023-03-02
509,5022136,6007.21,Entertainment,2023-04-28
510,5010172,6839.47,entertainment,2023-07-04
511,5024096,5628.14,Food,2023-06-24
512,5090415,8563.37,Entertainment,2023-09-19
513,5135489,7110.12,Shopping,2023-04-11
514,5100133,1236.08,entertainment,2023-09-21
515,5045113,1648.36,Entertainment,2023-06-27
516,5116817,5809.69,Bills,2023-07-16
517,5096785,5056.28,Food,2023-03-02
518,5104945,5683.29,Entertainment,2023-08-21
519,5112652,4000.58,food,2023-07-12
520,5050768,487.78,Travel,2023-08-06
521,5023261,4444.07,,2023-09-20
522,5009586,7722.77,travel ,2023-05-08
523,5105227,6700.27,,2023-01-19
524,5067730,5861.98,Shopping,2023-05-12
525,5100430,4310.46,Bills,2023-09-18
526,5117392,5681.63,Entertainment,2023-11-08
527,5009301,5935.0,Shopping,2023-07-13
528,5038723,3959.78,Shopping,2023-11-25
529,5142763,1772.39,Food,2023-06-07
530,5035418,5763.37,Entertainment,2023-05-16
531,5113639,1530.66,entertainment,2023-05-30
532,5115662,6357.96,entertainment,2023-12-14
533,5146429,6313.63,,2023-10-13
534,5037202,5035.22,bills,2023-08-06
535,5029529,2058.62,travel ,2023-08-31
536,5089240,7402.55,Bills,2023-01-27
537,5105743,8211.23,Bills,2023-02-03
538,5105743,4455.1,entertainment,2023-01-10
539,5118115,424.84,food,2023-06-06
540,5085886,9754.24,travel ,2023-09-16
541,5067729,1491.21,food,2023-10-11
542,5023527,6232.29,bills,2023-11-09
543,5142547,7655.99,bills,2023-02-25
544,5023092,7286.91,bills,2023-09-15
545,5079127,8578.71,food,2023-05-24
546,5041320,8644.49,,2023-04-28
547,5148732,9557.22,Bills,2023-08-09
548,5052620,3071.74,food,2023-04-30
549,5048542,2431.9,bills,2023-08-29
550,5061321,9357.3,food,2023-01-17
551,5089736,3881.2,Bills,2023-12-16
552,5096336,3707.44,Bills,2023-06-22
553,5112737,8464.62,Food,2023-08-17
554,5148525,6244.25,bills,2023-12-27
555,5105878,5939.89,food,2023-03-14
556,5137033,8148.64,Travel,2023-01-13
557,5023147,2043.97,food,2023-10-28
558,5148573,3620.1,Entertainment,2023-10-19
559,5025161,6834.94,bills,2023-05-01
560,5068631,7246.17,Bills,2023-12-07
561,5033659,6621.14,Food,2023-05-19
562,5045513,6319.24,Shopping,2023-11-07
563,5105555,7975.74,food,2023-11-19
564,5125816,1383.92,Bills,2023-12-09
565,5062713,2016.07,,2023-09-16
566,5009472,9820.41,Shopping,2023-05-27
567,5025020,1870.29,Travel,2023-07-17
568,5021445,5488.43,Entertainment,2023-08-25
569,5091006,4775.96,entertainment,2023-03-23
570,5022730,4747.75,,2023-07-31
571,5061691,,,2023-03-08
572,5105227,5972.67,Bills,2023-08-26
573,5143515,4009.02,,2023-07-20
574,5029184,1395.71,food,2023-12-23
575,5045742,2806.0,Bills,2023-10-11
576,5062670,9261.2,,2023-01-21
577,5050768,7349.0,food,2023-04-09
578,5142579,735.83,Bills,2023-03-08
579,5028468,8642.16,bills,2023-10-29
580,5068310,8496.27,travel ,2023-01-09
581,5028990,5655.04,food,2023-08-20
582,5041980,1713.05,Bills,2023-04-08
583,5022015,1552.12,entertainment,2023-02-25
584,5021303,1809.05,,2023-02-07
585,5061832,7502.92,food,2023-04-06
586,5105715,6624.68,Travel,2023-02-18
587,5116613,9054.89,bills,2023-02-21
588,5125203,2165.33,Shopping,2023-02-03
589,5069292,6354.22,Shopping,2023-09-22
590,5069199,8791.97,entertainment,2023-10-16
591,5126612,,travel ,2023-11-07
592,5093248,6108.26,Bills,2023-09-13
593,5021775,4488.05,Shopping,2023-05-25
594,5143362,1352.54,Travel,2023-06-11
595,5090705,5185.91,Shopping,2023-11-10
596,5091792,8300.42,,2023-12-24
597,5091101,690.78,,2023-12-20
598,5089896,,bills,2023-04-18
599,5125478,725.45,travel ,2023-06-28
600,5097065,7955.04,,2023-05-17
601,5092242,7275.05,,2023-12-04
602,5024352,4046.77,travel ,2023-05-08
603,5068811,9348.69,Food,2023-11-14
604,5146079,2878.68,Shopping,2023-08-03
605,5023914,9290.5,bills,2023-05-31
606,5135574,6401.17,Entertainment,2023-01-20
607,5090470,8497.77,bills,2023-09-15
608,5068631,6767.4,Shopping,2023-08-14
609,5050756,1780.97,Entertainment,2023-04-18
610,5033514,4075.66,,2023-07-21
611,5146123,7119.24,entertainment,2023-10-12
612,5054460,5485.57,Entertainment,2023-05-23
613,5125716,5626.45,Food,2023-12-26
614,5111178,4091.69,entertainment,2023-09-11
615,5041681,,Shopping,2023-05-31
616,5095310,7583.85,Bills,2023-06-17
617,5046083,5822.02,Travel,2023-06-11
618,5105412,,,2023-08-01
619,5024258,5191.62,Bills,2023-12-15
620,5023816,3709.77,Food,2023-03-18
621,5135779,2095.91,Shopping,2023-05-23
622,5105045,1457.01,Food,2023-02-03
623,5061145,2249.01,Shopping,2023-06-28
624,5090126,693.05,Shopping,2023-12-23
625,5090925,5094.66,,2023-09-01
626,5061161,6206.92,Bills,2023-10-31
627,5038845,5889.82,,2023-09-26
628,5009821,1956.51,Shopping,2023-10-05
629,5105069,2016.81,Food,2023-06-25
630,5029352,539.26,Entertainment,2023-02-25
631,5069307,5766.75,Bills,2023-12-27
632,5068465,7613.64,Food,2023-03-18
633,5009053,5037.69,bills,2023-06-05
634,5095586,6902.36,Shopping,2023-07-12
635,5146401,3318.59,Bills,2023-11-23
636,5146086,8777.26,bills,2023-06-19
637,5038582,2221.72,Bills,2023-10-23
638,5089896,,entertainment,2023-10-26
639,5023280,432.1,Entertainment,2023-09-16
640,5142248,,Shopping,2023-02-15
641,5022930,3712.58,food,2023-04-16
642,5125462,7940.65,Bills,2023-10-31
643,5091880,3124.78,Entertainment,2023-02-15
644,5100106,817.41,Shopping,2023-02-03
645,5125928,7150.75,,2023-01-19
646,5028909,9905.62,Travel,2023-03-05
647,5145817,7150.41,travel ,2023-06-07
648,5113621,6369.82,Entertainment,2023-06-23
649,5099948,5956.56,Travel,2023-11-09
650,5008827,7947.33,Food,2023-01-07
651,5149413,8902.92,Bills,2023-08-04
652,5088279,2001.06,bills,2023-05-27
653,5010238,778.48,entertainment,2023-03-15
654,5062594,3897.34,Bills,2023-02-11
655,5111178,6457.31,Food,2023-02-27
656,5115921,1998.01,Entertainment,2023-11-29
657,5024071,4966.64,travel ,2023-05-23
658,5078931,3452.14,bills,2023-01-29
659,5018503,4312.85,Travel,2023-05-11
660,5100133,2906.03,bills,2023-02-05
661,5114032,3146.99,Shopping,2023-03-13
662,5052952,1683.58,travel ,2023-10-05
663,5044860,251.89,entertainment,2023-01-28
664,5046083,273.64,Travel,2023-08-21
665,5118275,9363.88,travel ,2023-05-27
666,5028737,1539.36,Entertainment,2023-07-27
667,5142248,5288.54,bills,2023-08-22
668,5100098,5811.47,Food,2023-07-17
669,5010526,4465.4,Bills,2023-07-21
670,5149592,4950.07,entertainment,2023-05-29
671,5046336,9211.67,bills,2023-05-22
672,5033797,2406.55,Travel,2023-12-22
673,5105791,7989.73,Food,2023-02-04
674,5137229,9170.53,Bills,2023-09-05
675,5090995,,Food,2023-01-19
676,5142733,-1000.0,food,2023-10-15
677,5054414,2206.15,entertainment,2023-12-07
678,5046283,3925.51,bills,2023-01-22
679,5022571,7765.87,entertainment,2023-07-07
680,5021431,5502.76,travel ,2023-02-26
681,5125289,4237.62,Food,2023-06-08
682,5010025,1315.92,bills,2023-05-07
683,5068367,9364.57,entertainment,2023-09-17
684,5065477,4253.14,,2023-08-12
685,5116613,,Shopping,2023-12-16
686,5115610,1301.53,bills,2023-07-09
687,5148934,2003.36,Food,2023-08-01
688,5116302,640.61,,2023-09-13
689,5142599,9177.77,food,2023-11-26
690,5091651,2733.48,travel ,2023-08-10
691,5095170,8839.05,Bills,2023-07-22
692,5021775,2807.38,entertainment,2023-10-02
693,5053678,5713.83,travel ,2023-07-03
694,5113302,7143.56,,2023-01-27
695,5050793,8131.23,,2023-06-24
696,5068648,2573.42,food,2023-12-23
697,5137163,1339.63,Shopping,2023-11-09
698,5095324,9894.21,food,2023-11-05
699,5113854,963.13,Entertainment,2023-08-05
700,5096085,3066.49,Food,2023-05-24
701,5029152,8046.39,travel ,2023-08-15
702,5092239,5090.7,,2023-08-28
703,5125471,5460.34,Travel,2023-02-11
704,5125716,8900.79,entertainment,2023-03-01
705,5041355,9226.85,Bills,2023-01-17
706,5105150,5658.04,Bills,2023-03-07
707,5135484,8223.28,,2023-07-19
708,5067767,9470.25,Shopping,2023-11-24
709,5096424,8346.09,travel ,2023-07-06
710,5023877,7571.26,bills,2023-10-27
711,5029191,4272.25,bills,2023-02-10
712,5048448,5857.81,Bills,2023-01-09
713,5041271,1696.7,food,2023-09-24
714,5125510,7877.94,Travel,2023-10-30
715,5118441,5904.35,Entertainment,2023-01-13
716,5041869,2177.19,Travel,2023-02-22
717,5062011,1483.96,Shopping,2023-05-10
718,5105422,5171.94,Travel,2023-04-03
719,5069307,5100.32,Entertainment,2023-10-17
720,5137033,7517.64,,2023-01-19
721,5117622,7515.55,Travel,2023-01-05
722,5079057,1869.49,,2023-12-23
723,5023177,4192.77,Entertainment,2023-03-02
724,5069199,6173.97,Travel,2023-01-03
725,5097024,3567.9,Shopping,2023-05-27
726,5045113,4854.57,Shopping,2023-10-25
727,5065820,3016.12,bills,2023-07-26
728,5041535,9573.94,food,2023-08-16
729,5061321,4582.68,travel ,2023-08-05
730,5045380,1436.05,Shopping,2023-07-08
731,5056149,1826.76,Travel,2023-10-06
732,5061161,1467.12,,2023-09-15
733,5065462,3049.09,Food,2023-10-17
734,5149887,362.79,bills,2023-05-31
735,5053592,9655.2,Travel,2023-08-23
736,5042286,3271.93,,2023-05-12
737,5099914,491.96,Travel,2023-04-05
738,5024258,7787.86,Shopping,2023-05-04
739,5068888,6664.22,Bills,2023-08-28
740,5114438,7647.07,Bills,2023-05-23
741,5149592,1084.34,Bills,2023-05-19
742,5029348,8332.24,Shopping,2023-01-13
743,5096059,8504.07,food,2023-11-02
744,5126124,-1000.0,entertainment,2023-07-21
745,5058281,9641.95,Travel,2023-12-11
746,5044669,5226.68,travel ,2023-08-24
747,5118283,5512.48,,2023-07-08
748,5100106,6147.31,Travel,2023-07-04
749,5067102,5583.35,Shopping,2023-12-27
750,5048642,6660.23,entertainment,2023-02-04
751,5053117,4928.21,,2023-08-02
752,5113861,7991.66,Bills,2023-03-16
753,5046379,7591.91,bills,2023-10-12
754,5067299,3667.6,entertainment,2023-06-18
755,5028907,2348.74,bills,2023-07-19
756,5024925,4230.12,Shopping,2023-10-21
757,5091651,7035.34,Entertainment,2023-03-22
758,5100430,681.61,bills,2023-03-06
759,5023231,8932.23,Entertainment,2023-06-19
760,5021584,3642.82,,2023-04-01
761,5053790,6022.51,,2023-10-28
762,5146167,7581.36,bills,2023-01-25
763,5096621,1036.61,Entertainment,2023-03-27
764,5117413,3511.85,,2023-05-18
765,5021490,1757.25,Bills,2023-03-05
766,5117323,2700.37,travel ,2023-05-29
767,5145964,5362.32,Entertainment,2023-09-04
768,5009118,5722.9,entertainment,2023-05-05
769,5125708,9923.64,Food,2023-05-28
770,5068523,2691.51,Food,2023-08-19
771,5125289,4858.85,,2023-05-26
772,5118541,4748.6,food,2023-07-14
773,5041675,5604.23,travel ,2023-04-02
774,5112662,2895.94,Bills,2023-05-31
775,5054058,807.07,Food,2023-11-26
776,5048300,6137.49,,2023-08-08
777,5023209,9501.48,food,2023-09-26
778,5125399,2196.32,Bills,2023-05-21
779,5139892,437.96,bills,2023-04-29
780,5143342,2871.95,,2023-07-24
781,5053152,438.13,food,2023-08-29
782,5023089,9964.91,Travel,2023-10-30
783,5053524,,bills,2023-12-27
784,5125478,176.46,food,2023-12-03
785,5142456,3385.69,Food,2023-09-29
786,5118026,2283.9,Shopping,2023-12-03
787,5067299,,entertainment,2023-03-07
788,5115894,2113.27,Travel,2023-07-30
789,5142239,6270.08,entertainment,2023-03-23
790,5142547,768.28,Bills,2023-01-27
791,5010303,3926.94,Entertainment,2023-02-25
792,5065820,2644.05,Bills,2023-10-18
793,5068712,4605.14,Shopping,2023-07-29
794,5054699,3965.4,bills,2023-06-28
795,5061076,4063.28,Travel,2023-08-18
796,5142185,4105.1,Shopping,2023-08-21
797,5125235,6106.5,food,2023-11-02
798,5142248,1928.35,Travel,2023-04-14
799,5068671,9688.02,bills,2023-05-13
800,5132569,6839.25,Shopping,2023-07-07
801,5089896,4193.08,entertainment,2023-02-04
802,5095896,7658.88,entertainment,2023-06-18
803,5054228,5653.26,Bills,2023-08-15
804,5126311,1613.4,Shopping,2023-01-07
805,5050549,,Entertainment,2023-11-29
806,5022189,605.34,Bills,2023-05-17
807,5142899,8213.21,,2023-09-25
808,5067729,2246.43,Entertainment,2023-01-07
809,5046036,8578.12,entertainment,2023-04-26
810,5062407,8448.2,food,2023-09-17
811,5053089,,Entertainment,2023-11-28
812,5041522,3367.83,travel ,2023-05-02
813,5041307,1286.2,travel ,2023-01-20
814,5087829,7309.82,,2023-04-21
815,5125816,8869.43,bills,2023-07-07
816,5033814,7868.54,travel ,2023-08-14
817,5143175,5715.87,bills,2023-01-12
818,5010203,4572.18,bills,2023-08-08
819,5021445,5835.67,Travel,2023-02-24
820,5113922,2872.6,bills,2023-01-06
821,5068340,7014.07,food,2023-03-26
822,5142579,,Bills,2023-11-25
823,5067696,8543.77,,2023-06-13
824,5033500,1957.17,,2023-11-19
825,5113057,9239.08,Travel,2023-03-24
826,5068712,3280.18,,2023-07-11
827,5113639,5883.88,food,2023-07-13
828,5089737,3618.0,travel ,2023-04-29
829,5061611,2988.19,Food,2023-04-09
830,5022047,8478.63,,2023-09-26
831,5137542,6939.57,Entertainment,2023-10-05
832,5139553,4929.95,Shopping,2023-02-22
833,5023563,6599.74,food,2023-06-11
834,5010596,1075.95,Bills,2023-03-23
835,5114294,4368.37,Travel,2023-01-22
836,5117392,2326.64,travel ,2023-02-19
837,5091006,1309.58,food,2023-01-11
838,5143319,2006.04,food,2023-10-08
839,5085861,9612.57,bills,2023-12-17
840,5112738,8421.67,bills,2023-09-06
841,5142136,6293.05,,2023-04-15
842,5095586,9681.21,Shopping,2023-10-13
843,5054097,6305.19,travel ,2023-11-25
844,5145970,4959.04,Bills,2023-12-08
845,5116005,,Entertainment,2023-06-08
846,5053941,2126.36,bills,2023-02-04
847,5041535,4326.18,Food,2023-02-26
848,5010202,2539.91,Travel,2023-09-22
849,5053610,7112.98,Shopping,2023-05-23
850,5088699,6733.88,Shopping,2023-03-09
851,5054407,2443.51,entertainment,2023-02-27
852,5069007,1800.26,food,2023-07-31
853,5009739,3848.24,bills,2023-01-05
854,5148535,2877.33,food,2023-05-26
855,5022189,9036.33,food,2023-01-28
856,5046003,4551.9,travel ,2023-10-21
857,5106118,,Food,2023-12-12
858,5068631,5225.61,Entertainment,2023-03-31
859,5091894,7795.93,Entertainment,2023-04-16
860,5091374,224.79,food,2023-07-18
861,5018498,4998.55,Travel,2023-04-17
862,5044860,5672.85,Food,2023-01-22
863,5085826,-1000.0,entertainment,2023-03-13
864,5054068,925.58,bills,2023-11-18
865,5054384,5986.25,Travel,2023-02-14
866,5024163,-1000.0,Travel,2023-01-30
867,5068651,2156.01,Travel,2023-09-27
868,5022041,2060.51,Food,2023-05-06
869,5089497,4964.81,Food,2023-08-23
870,5142815,416.09,Food,2023-08-27
871,5036474,8294.25,entertainment,2023-06-29
872,5142815,7488.35,travel ,2023-08-09
873,5117497,-1000.0,Travel,2023-05-17
874,5089959,8912.21,food,2023-07-11
875,5029108,480.26,Entertainment,2023-01-09
876,5033814,5009.14,travel ,2023-05-02
877,5048301,7752.04,travel ,2023-12-03
878,5096528,4187.27,Travel,2023-03-19
879,5053182,6700.88,entertainment,2023-05-20
880,5028615,885.67,bills,2023-06-02
881,5058531,,Entertainment,2023-01-19
882,5095324,2435.44,Entertainment,2023-10-24
883,5146463,6917.04,Travel,2023-11-27
884,5096785,6129.59,Bills,2023-05-28
885,5125203,-1000.0,Entertainment,2023-01-29
886,5028907,4636.72,Entertainment,2023-09-29
887,5087852,6167.18,Entertainment,2023-06-12
888,5143374,2640.32,Travel,2023-09-06
889,5061135,5485.12,travel ,2023-08-26
890,5136909,7926.36,Travel,2023-08-18
891,5056149,3037.48,,2023-01-17
892,5112765,5398.4,entertainment,2023-01-20
893,5068712,-1000.0,Bills,2023-04-13
894,5054496,6025.18,Entertainment,2023-08-13
895,5024527,945.12,bills,2023-09-24
896,5010218,9091.54,,2023-08-12
897,5023914,5435.62,Entertainment,2023-05-06
898,5053173,,Food,2023-06-06
899,5114138,8548.57,Shopping,2023-01-01
900,5135863,4940.41,Entertainment,2023-03-22
901,5105412,1496.04,Shopping,2023-08-12
902,5113922,6778.9,Food,2023-03-02
903,5113440,4203.15,entertainment,2023-01-28
904,5146534,2813.82,Food,2023-08-31
905,5050482,388.96,Bills,2023-11-29
906,5023092,4644.85,Shopping,2023-04-11
907,5146472,342.0,,2023-11-19
908,5117756,2396.81,Bills,2023-09-25
909,5009746,5577.04,travel ,2023-12-03
910,5143360,5476.78,bills,2023-04-29
911,5052865,2252.1,Food,2023-06-25
912,5104981,8810.48,Bills,2023-05-09
913,5113259,4682.24,travel ,2023-01-13
914,5028909,9843.04,travel ,2023-07-19
915,5048448,5467.05,travel ,2023-03-23
916,5061246,6861.07,entertainment,2023-05-01
917,5113401,829.6,Entertainment,2023-12-10
918,5054097,8850.25,travel ,2023-07-16
919,5041869,,travel ,2023-06-09
920,5097134,5319.71,Bills,2023-12-01
921,5010185,2028.11,entertainment,2023-02-03
922,5033729,3927.01,Entertainment,2023-12-16
923,5062362,3011.64,Travel,2023-02-13
924,5126543,4581.14,Bills,2023-07-10
925,5113922,5711.59,Entertainment,2023-08-28
926,5079004,8275.59,,2023-07-31
927,5118580,6462.46,,2023-03-07
928,5046324,4480.12,Travel,2023-11-19
929,5105878,1043.51,,2023-05-25
930,5008889,838.65,travel ,2023-09-04
931,5113556,1767.08,travel ,2023-01-14
932,5029311,7734.61,food,2023-04-21
933,5088853,8815.56,travel ,2023-11-10
934,5135474,4016.3,Travel,2023-05-29
935,5135485,401.38,food,2023-02-17
936,5117190,-1000.0,Entertainment,2023-09-11
937,5113291,,bills,2023-11-02
938,5099914,1174.44,food,2023-09-04
939,5010032,4677.0,Travel,2023-12-07
940,5095310,4097.76,Travel,2023-05-03
941,5113163,2885.93,Food,2023-03-28
942,5149192,2390.14,bills,2023-10-20
943,5085865,8503.41,Shopping,2023-02-21
944,5090861,1833.07,Food,2023-04-24
945,5142781,3895.23,entertainment,2023-03-20
946,5088987,,,2023-07-09
947,5046093,3465.85,Travel,2023-07-31
948,5117065,7946.99,travel ,2023-10-05
949,5095751,2431.5,travel ,2023-11-28
950,5132340,,entertainment,2023-09-02
951,5097134,6679.22,entertainment,2023-09-25
952,5023692,7264.39,Food,2023-08-31
953,5036828,980.49,Entertainment,2023-01-17
954,5143560,2389.27,Travel,2023-08-05
955,5029194,2159.9,Bills,2023-01-07
956,5068339,1307.03,Shopping,2023-09-05
957,5028990,1226.66,Travel,2023-03-30
958,5099907,7661.16,entertainment,2023-10-09
959,5029251,8522.63,food,2023-02-05
960,5046035,2400.44,food,2023-09-24
961,5068238,9447.25,bills,2023-09-08
962,5010596,,travel ,2023-08-31
963,5044987,4197.57,Travel,2023-11-23
964,5067242,9971.06,travel ,2023-05-07
965,5113291,2865.05,bills,2023-10-07
966,5135946,2600.14,entertainment,2023-08-19
967,5068238,7272.95,bills,2023-11-04
968,5097105,2579.03,Shopping,2023-01-21
969,5143314,1850.95,Travel,2023-08-22
970,5054188,8394.44,Shopping,2023-11-14
971,5117313,187.2,,2023-10-21
972,5044478,1512.01,Travel,2023-04-06
973,5126562,4565.0,Entertainment,2023-04-20
974,5056237,2604.37,Food,2023-04-09
975,5048583,1051.85,bills,2023-08-30
976,5148732,9674.68,Shopping,2023-03-14
977,5142599,7225.64,Shopping,2023-09-14
978,5143016,9748.2,Food,2024-01-01
979,5088181,-1000.0,Bills,2023-06-14
980,5033608,1137.87,Entertainment,2023-02-28
981,5146318,4727.5,,2023-02-19
982,5125172,4468.55,food,2023-06-29
983,5091718,7263.02,Food,2023-11-10
984,5041320,3015.29,bills,2023-02-27
985,5117331,9415.41,travel ,2023-05-15
986,5052722,,travel ,2023-05-20
987,5053678,8406.21,travel ,2023-01-17
988,5149834,8064.28,Shopping,2023-07-15
989,5045798,9033.87,,2023-03-14
990,5079127,8162.62,Travel,2023-12-29
991,5135345,292.33,food,2023-12-15
992,5125761,4386.8,bills,2023-06-20
993,5149834,9438.17,travel ,2023-06-09
994,5079035,,travel ,2023-04-24
995,5137247,2180.81,Entertainment,2023-12-12
996,5053646,7265.17,Entertainment,2023-08-28
997,5125317,4627.33,entertainment,2023-08-26
998,5069399,340.69,,2023-08-25
999,5041474,6897.75,bills,2023-05-07
1000,5146558,4898.31,travel ,2023-10-21
1001,5096856,,Entertainment,2023-03-29
1002,5096670,,food,2023-08-31
1003,5047870,,Entertainment,2023-09-21
1004,5010344,,Food,2023-10-23
1005,5018471,9042.44,bills,2023-01-02
1006,5114630,9449.07,food,2023-04-07
1007,5125277,3523.85,entertainment,2023-05-19
1008,5065820,2691.12,Shopping,2023-01-22
1009,5091753,5543.59,bills,2023-07-07
1010,5149660,1079.29,Entertainment,2023-09-13
1011,5117022,6024.72,Travel,2023-02-26
1012,5054099,3817.71,Bills,2023-08-22
1013,5022833,1193.45,Entertainment,2023-05-10
1014,5117313,5350.16,,2023-01-24
1015,5036996,6500.31,bills,2023-12-30
1016,5079167,6318.44,entertainment,2023-09-12
1017,5116621,7698.1,entertainment,2023-02-20
1018,5033729,1363.26,Travel,2023-11-29
1019,5033452,7717.02,bills,2023-07-22
1020,5045798,93.07,Entertainment,2023-09-12
1021,5142595,753.81,Shopping,2023-09-17
1022,5021775,3954.84,Entertainment,2023-05-05
1023,5142972,2193.85,,2023-05-02
1024,5022730,4920.26,entertainment,2023-06-04
1025,5054384,3146.61,entertainment,2023-11-03
1026,5116906,3333.77,Food,2023-06-18
1027,5112975,8550.61,food,2023-10-20
1028,5112662,2195.8,Travel,2023-05-24
1029,5092164,6425.19,food,2023-01-21
1030,5023781,9982.48,Food,2023-03-03
1031,5028919,3669.86,bills,2023-03-31
1032,5022189,6015.24,Bills,2023-09-15
1033,5023831,2656.36,Bills,2023-07-17
1034,5044594,9969.85,Bills,2023-09-27
1035,5029423,3275.25,Bills,2023-08-20
1036,5079181,,Travel,2023-01-15
1037,5067019,6007.17,Bills,2023-12-09
1038,5116343,1625.08,Food,2023-07-03
1039,5041739,2105.67,Food,2023-12-18
1040,5088205,1618.71,Bills,2023-09-09
1041,5033714,2797.99,,2023-09-28
1042,5067767,2707.95,Shopping,2023-01-05
1043,5089269,7439.85,Shopping,2023-03-25
1044,5142448,3446.51,Travel,2023-01-04
1045,5045800,,entertainment,2023-11-23
1046,5089658,9572.86,Bills,2023-02-12
1047,5090701,3262.17,Food,2023-07-08
1048,5054524,3834.4,entertainment,2023-04-16
1049,5100133,1298.32,Entertainment,2023-07-30
1050,5009074,4384.31,Shopping,2023-04-03
1051,5092021,8041.86,Entertainment,2023-11-23
1052,5053173,-1000.0,Bills,2023-01-27
1053,5068238,7308.73,Shopping,2023-01-24
1054,5065462,7898.11,Travel,2023-03-30
1055,5132569,4595.45,,2023-01-31
1056,5115633,9517.55,Shopping,2023-01-21
1057,5139823,9358.65,food,2023-06-09
1058,5058530,944.42,,2023-12-25
1059,5113057,1846.8,Bills,2023-01-05
1060,5022243,4307.29,Food,2023-08-20
1061,5078805,2304.42,entertainment,2023-08-14
1062,5135705,9315.76,entertainment,2023-09-19
1063,5126562,2164.85,,2023-05-21
1064,5145978,3414.98,travel ,2023-04-03
1065,5028572,3862.36,Shopping,2023-05-23
1066,5054699,2364.15,entertainment,2023-05-20
1067,5140074,3540.93,entertainment,2023-10-09
1068,5114630,6661.76,entertainment,2023-08-06
1069,5146045,8579.36,Shopping,2023-09-09
1070,5095514,2519.75,travel ,2023-10-25
1071,5025936,7174.73,Bills,2023-02-25
1072,5086062,9661.98,,2023-07-06
1073,5113374,5622.2,entertainment,2023-10-18
1074,5023587,7225.36,Bills,2023-12-15
1075,5113259,3568.08,Travel,2023-06-06
1076,5067961,4036.07,Entertainment,2023-07-21
1077,5028569,708.72,,2023-01-10
1078,5116676,823.11,bills,2023-07-18
1079,5117403,6908.56,bills,2023-06-06
1080,5135487,6741.69,Food,2023-08-04
1081,5033916,3624.79,travel ,2023-05-13
1082,5025181,-1000.0,Shopping,2023-10-16
1083,5092245,4578.0,entertainment,2023-08-18
1084,5053117,,Bills,2023-07-24
1085,5053143,4215.27,,2023-09-24
1086,5044669,3446.82,Bills,2023-11-10
1087,5028580,3466.89,Bills,2023-01-16
1088,5135344,6138.57,travel ,2023-10-04
1089,5022343,7793.68,Shopping,2023-12-28
1090,5143560,5186.74,Entertainment,2023-08-24
1091,5066879,226.68,food,2023-12-23
1092,5117698,2216.65,food,2023-06-01
1093,5099900,-1000.0,,2023-09-08
1094,5054188,8541.28,bills,2023-01-16
1095,5142459,3012.12,,2023-04-02
1096,5024838,5061.19,Bills,2023-03-25
1097,5024726,5516.09,Food,2023-01-31
1098,5045255,4742.61,Travel,2023-02-08
1099,5022954,1207.79,Bills,2023-09-07
1100,5061896,9510.35,Food,2023-03-10
1101,5113171,5176.33,Food,2023-11-06
1102,5066915,9911.04,food,2023-05-21
1103,5142290,4897.07,entertainment,2023-10-17
1104,5092287,2867.91,,2023-03-29
1105,5053744,-1000.0,bills,2023-08-19
1106,5125325,2409.87,travel ,2023-07-09
1107,5149660,9080.57,Travel,2023-12-19
1108,5118617,7119.81,entertainment,2023-06-07
1109,5092332,4487.84,travel ,2023-10-29
1110,5061135,2040.72,Entertainment,2023-11-27
1111,5062131,3889.0,Food,2023-08-21
1112,5042232,5459.16,Shopping,2023-10-02
1113,5066507,794.49,travel ,2023-12-05
1114,5054525,2386.29,bills,2023-12-04
1115,5033496,8384.25,Travel,2023-01-25
1116,5140019,845.26,Shopping,2023-03-02
1117,5023914,5880.26,food,2023-09-14
1118,5117778,5783.02,Entertainment,2023-04-11
1119,5079166,8934.26,Bills,2023-08-03
1120,5096753,8982.64,Entertainment,2023-09-27
1121,5046324,-1000.0,Bills,2023-01-20
1122,5028909,3116.58,,2023-08-28
1123,5038510,4255.27,food,2023-12-12
1124,5067638,7461.89,,2023-08-19
1125,5052762,,food,2023-02-05
1126,5105791,6216.86,food,2023-07-01
1127,5145970,5353.46,travel ,2023-10-24
1128,5112738,6666.9,Entertainment,2023-12-08
1129,5028802,9944.55,bills,2023-10-03
1130,5022118,3193.78,Food,2023-09-27
1131,5105842,7735.41,entertainment,2023-12-05
1132,5009746,1845.99,Entertainment,2023-07-25
1133,5023177,7071.67,Shopping,2023-11-13
1134,5137033,,food,2023-12-11
1135,5047670,,Food,2023-01-07
1136,5009579,1639.58,Entertainment,2023-11-01
1137,5143231,8349.19,Food,2023-08-03
1138,5033814,7486.19,Travel,2023-08-14
1139,5062016,6681.37,entertainment,2023-10-19
1140,5105715,2675.27,travel ,2023-08-15
1141,5137187,4824.66,Bills,2023-12-26
1142,5089162,8817.04,bills,2023-10-08
1143,5052622,9901.48,Shopping,2023-08-14
1144,5125399,7975.27,Travel,2023-10-26
1145,5033418,5080.76,food,2023-06-24
1146,5125471,9039.84,,2023-11-08
1147,5010344,5916.89,Travel,2023-12-25
1148,5068156,5061.98,Entertainment,2023-08-01
1149,5113373,8180.08,travel ,2023-01-15
1150,5035866,-1000.0,Food,2023-05-21
1151,5079057,8050.05,Entertainment,2023-01-01
1152,5145968,6061.02,travel ,2023-05-13
1153,5146429,2360.23,Shopping,2023-08-29
1154,5053744,4044.77,Food,2023-11-04
1155,5045255,7238.65,Shopping,2023-12-20
1156,5022756,428.37,food,2023-03-21
1157,5069466,5798.06,Bills,2023-04-22
1158,5065348,2582.36,Travel,2023-03-01
1159,5137407,9443.34,Travel,2023-03-02
1160,5069380,9475.47,Shopping,2023-01-23
1161,5068238,3420.89,Travel,2023-10-31
1162,5116883,3979.6,Shopping,2023-07-26
1163,5009023,7547.11,entertainment,2023-02-16
1164,5113082,3688.97,bills,2023-01-25
1165,5051240,7407.96,entertainment,2023-05-11
1166,5096415,3051.34,Shopping,2023-09-27
1167,5054228,3750.0,Travel,2023-12-06
1168,5054733,6845.75,,2023-05-20
1169,5114630,7850.57,Entertainment,2023-07-07
1170,5090470,1992.17,,2023-11-05
1171,5024386,4778.17,travel ,2023-06-01
1172,5024604,767.06,bills,2023-12-02
1173,5088503,4870.24,Bills,2023-04-02
1174,5097024,7848.96,travel ,2023-10-07
1175,5137022,1232.11,,2023-02-28
1176,5149319,8303.19,entertainment,2023-04-21
1177,5143519,9662.12,Travel,2023-06-06
1178,5079181,6894.52,Shopping,2023-04-08
1179,5149484,8565.1,entertainment,2023-08-24
1180,5029423,1470.05,Food,2023-02-24
1181,5126322,,food,2023-01-08
1182,5010865,4992.89,,2023-03-09
1183,5139553,2268.14,Shopping,2023-05-31
1184,5023089,8928.43,Entertainment,2023-09-18
1185,5023389,8022.11,Entertainment,2023-11-11
1186,5033916,285.07,travel ,2023-03-30
1187,5092221,6492.13,Bills,2023-05-01
1188,5088836,4216.04,Shopping,2023-10-23
1189,5050853,3976.63,Travel,2023-03-02
1190,5038897,5310.08,Shopping,2023-03-20
1191,5090186,1703.92,Bills,2023-08-16
1192,5100373,9419.19,Entertainment,2023-06-19
1193,5051008,8363.49,Bills,2023-05-18
1194,5100000,575.21,Shopping,2023-12-06
1195,5104868,7882.66,Food,2023-07-06
1196,5021445,1867.25,Food,2023-12-01
1197,5097134,,Food,2023-09-29
1198,5105150,81.11,Entertainment,2023-10-22
1199,5116613,3586.14,,2023-09-06
1200,5046362,2050.36,Food,2023-07-14
1201,5114060,6220.86,Entertainment,2023-11-05
1202,5037266,3250.55,Food,2023-12-24
1203,5033884,8736.03,Bills,2023-11-12
1204,5033728,6685.04,Bills,2023-11-27
1205,5067638,8098.8,Food,2023-01-07
1206,5091374,8032.23,Travel,2023-05-07
1207,5009472,2291.75,Entertainment,2023-02-05
1208,5033453,5580.37,Entertainment,2023-01-04
1209,5089137,4981.42,Travel,2023-08-23
1210,5066832,767.41,Entertainment,2023-07-01
1211,5117095,3185.53,travel ,2023-11-04
1212,5091144,8869.8,entertainment,2023-11-30
1213,5112765,1778.98,Shopping,2023-05-10
1214,5035688,8563.73,,2023-06-27
1215,5069296,2051.94,Food,2023-11-26
1216,5091549,2475.74,,2023-11-07
1217,5097106,7963.47,food,2023-11-07
1218,5105685,8958.32,,2023-10-12
1219,5050973,1643.4,Bills,2023-02-19
1220,5024916,7992.04,entertainment,2023-08-17
1221,5054496,7915.68,bills,2023-06-12
1222,5069380,5394.46,food,2023-06-14
1223,5009207,7979.49,Bills,2023-12-01
1224,5113801,3799.74,entertainment,2023-01-01
1225,5022041,7446.94,entertainment,2023-03-27
1226,5041066,2706.57,Entertainment,2023-08-05
1227,5010397,3774.58,food,2023-01-18
1228,5022449,8098.87,travel ,2023-12-31
1229,5100430,5518.43,food,2023-01-04
1230,5143319,5551.9,Food,2023-08-04
1231,5149368,1772.56,bills,2023-02-10
1232,5061340,2337.13,,2023-09-01
1233,5142781,657.05,Entertainment,2023-06-07
1234,5095939,2640.47,Food,2023-12-05
1235,5009845,1231.26,Travel,2023-04-29
1236,5117754,8056.37,Shopping,2023-02-03
1237,5135530,4086.92,travel ,2023-02-06
1238,5068456,6725.91,Travel,2023-07-07
1239,5091983,5594.83,entertainment,2023-02-24
1240,5024238,5394.83,Bills,2023-12-31
1241,5135489,,Travel,2023-11-30
1242,5033714,9218.99,Entertainment,2023-01-13
1243,5036936,2361.75,Travel,2023-02-14
1244,5142691,434.13,bills,2023-06-29
1245,5116714,165.21,Shopping,2023-11-25
1246,5118617,6997.12,Entertainment,2023-08-14
1247,5126809,7201.08,Bills,2023-02-10
1248,5051187,664.37,entertainment,2023-12-26
1249,5114166,292.4,Bills,2023-05-13
1250,5044669,3287.36,food,2023-10-03
1251,5091983,,,2023-11-18
1252,5029256,-1000.0,Entertainment,2023-03-12
1253,5021431,,Bills,2023-01-30
1254,5145978,1710.63,Bills,2023-09-22
1255,5009291,6948.41,bills,2023-04-05
1256,5135531,6458.55,Shopping,2023-04-27
1257,5149190,8478.66,Shopping,2023-08-22
1258,5112966,8887.1,travel ,2023-07-31
1259,5145817,5405.81,entertainment,2023-01-16
1260,5091792,971.13,entertainment,2023-06-17
1261,5041540,3055.58,Travel,2023-06-13
1262,5092242,4988.12,Travel,2023-08-16
1263,5117233,3037.04,Shopping,2023-08-28
1264,5113406,6873.36,bills,2023-05-31
1265,5022156,4659.34,bills,2023-03-19
1266,5033788,7458.8,Entertainment,2023-10-24
1267,5066865,2318.53,,2023-10-09
1268,5041535,6332.14,bills,2023-07-03
1269,5090925,4398.4,Bills,2023-11-14
1270,5065704,,travel ,2023-12-15
1271,5095117,,,2023-08-10
1272,5018505,5148.79,bills,2023-05-03
1273,5095939,5175.74,entertainment,2023-04-17
1274,5029725,6399.83,bills,2023-06-10
1275,5068367,4225.97,Food,2023-12-13
1276,5105436,1664.29,travel ,2023-08-23
1277,5078841,6879.96,Food,2023-03-25
1278,5067924,9450.66,food,2023-07-22
1279,5010238,1047.45,travel ,2023-10-10
1280,5009791,5245.59,,2023-05-18
1281,5041520,8852.75,entertainment,2023-03-26
1282,5041540,8193.19,travel ,2023-01-25
1283,5117190,4987.33,entertainment,2023-03-03
1284,5054626,5591.83,entertainment,2023-06-04
1285,5028280,8357.16,entertainment,2023-05-29
1286,5023527,9564.98,Entertainment,2023-02-13
1287,5069141,4981.48,Travel,2023-09-10
1288,5095631,8050.06,Shopping,2023-02-21
1289,5050975,1612.87,Entertainment,2023-07-01
1290,5097065,8340.08,Food,2023-06-13
1291,5023475,3431.26,Bills,2023-12-27
1292,5024213,3649.77,food,2023-05-27
1293,5037157,8123.18,Travel,2023-09-19
1294,5050453,8205.4,Travel,2023-10-08
1295,5143079,1942.6,Bills,2023-09-28
1296,5041073,746.24,Food,2023-09-25
1297,5143314,1927.31,entertainment,2023-03-04
1298,5089070,6094.06,,2023-04-10
1299,5021790,,,2023-11-22
1300,5052731,4533.61,Travel,2023-04-13
1301,5052762,3308.9,Bills,2023-07-14
1302,5118477,4121.42,entertainment,2023-04-12
1303,5139951,8094.82,Entertainment,2023-09-08
1304,5117778,4106.36,,2023-03-08
1305,5009941,7744.82,food,2023-04-19
1306,5096211,7013.98,Food,2023-03-05
1307,5091630,9129.11,Food,2023-02-26
1308,5092332,,Bills,2023-03-01
1309,5085886,6971.39,Bills,2023-10-15
1310,5113291,441.51,Food,2023-05-28
1311,5142482,865.66,Entertainment,2023-07-10
1312,5010864,-1000.0,,2023-07-08
1313,5117233,6190.33,Travel,2023-01-18
1314,5095930,406.24,Travel,2023-08-16
1315,5050655,516.87,Entertainment,2023-12-15
1316,5035866,8899.74,Travel,2023-06-12
1317,5045623,2651.71,Shopping,2023-10-05
1318,5078945,7070.66,Entertainment,2023-03-12
1319,5050482,3700.44,bills,2023-04-14
1320,5118118,6414.93,Bills,2023-12-12
1321,5146463,6414.14,entertainment,2023-08-10
1322,5096318,2110.32,entertainment,2023-02-17
1323,5067345,,Shopping,2023-04-14
1324,5024213,4460.2,food,2023-05-25
1325,5146472,7472.91,food,2023-01-04
1326,5022612,8299.06,Food,2023-06-29
1327,5068456,1728.02,bills,2023-12-10
1328,5115884,1712.48,Bills,2023-03-12
1329,5117190,4791.27,Bills,2023-12-02
1330,5010874,4354.08,Bills,2023-08-24
1331,5033447,3427.92,Food,2023-05-21
1332,5045894,1042.51,Shopping,2023-12-11
1333,5048300,9509.88,Bills,2023-01-24
1334,5105150,3265.91,Entertainment,2023-02-01
1335,5041474,4095.37,bills,2023-05-14
1336,5105069,3020.74,Food,2023-05-02
1337,5118526,8196.38,entertainment,2023-10-01
1338,5029725,9853.21,food,2023-01-06
1339,5114643,8049.88,bills,2023-09-26
1340,5022373,7891.88,Entertainment,2023-10-11
1341,5089225,3864.21,Shopping,2023-12-29
1342,5024258,1079.64,Travel,2023-06-08
1343,5091735,8748.89,Bills,2023-12-14
1344,5118441,7751.43,Bills,2023-06-05
1345,5100464,6120.18,Entertainment,2023-03-25
1346,5028781,9916.78,Food,2023-11-21
1347,5051156,7735.19,Food,2023-10-23
1348,5089275,7889.47,,2023-04-09
1349,5033817,2222.46,food,2023-08-06
1350,5135460,6743.82,travel ,2023-04-21
1351,5149660,5748.8,Bills,2023-08-24
1352,5143465,7344.49,Bills,2023-03-03
1353,5048583,8406.7,Bills,2023-08-07
1354,5116714,9460.5,bills,2023-11-12
1355,5093248,3828.69,Food,2023-06-04
1356,5149946,8253.06,bills,2023-03-22
1357,5029191,3552.61,entertainment,2023-04-04
1358,5069399,9467.63,Entertainment,2023-08-22
1359,5105842,2472.6,food,2023-04-17
1360,5028990,7634.32,food,2023-10-25
1361,5146456,9367.37,Food,2023-11-01
1362,5028726,670.83,food,2023-09-24
1363,5088836,2519.82,food,2023-03-26
1364,5052865,9891.52,Bills,2023-12-15
1365,5067982,9736.69,food,2023-05-11
1366,5029256,2183.5,food,2023-12-16
1367,5022571,2707.44,Bills,2023-06-02
1368,5033916,1588.99,food,2023-10-19
1369,5114166,5086.7,Shopping,2023-04-21
1370,5149192,3399.04,Entertainment,2023-12-22
1371,5088689,4674.42,Shopping,2023-07-10
1372,5135484,3248.28,,2023-09-04
1373,5135705,1640.72,,2023-05-11
1374,5089770,4887.52,travel ,2023-06-25
1375,5116304,4679.74,Travel,2023-05-04
1376,5009586,8316.42,food,2023-02-06
1377,5114294,9148.03,entertainment,2023-03-01
1378,5053032,752.57,Bills,2023-03-12
1379,5033966,4442.76,travel ,2023-09-15
1380,5054384,2986.85,Food,2023-07-20
1381,5068470,,entertainment,2023-09-01
1382,5149327,3838.55,Travel,2023-07-07
1383,5051160,3369.45,food,2023-01-30
1384,5021737,6149.76,Shopping,2023-10-27
1385,5051097,2361.35,entertainment,2023-01-01
1386,5023147,6093.17,entertainment,2023-12-13
1387,5113861,2675.04,travel ,2023-07-08
1388,5095905,8319.02,travel ,2023-11-12
1389,5090701,7817.77,bills,2023-03-09
1390,5025029,7311.61,entertainment,2023-03-03
1391,5028909,4629.27,entertainment,2023-09-02
1392,5139761,-1000.0,Entertainment,2023-01-21
1393,5146167,9859.03,Bills,2023-05-05
1394,5023147,4007.26,Shopping,2023-01-27
1395,5090509,7646.67,Bills,2023-09-28
1396,5050440,7468.04,entertainment,2023-04-08
1397,5065673,9953.01,bills,2023-07-05
1398,5079181,1723.52,Travel,2023-04-29
1399,5116818,7016.34,travel ,2023-05-08
1400,5029610,7831.25,Entertainment,2023-03-22
1401,5058530,4233.04,Entertainment,2023-10-21
1402,5078931,3950.85,Food,2023-04-19
1403,5010218,3567.78,bills,2023-07-12
1404,5099957,5171.67,Bills,2023-07-07
1405,5067832,7173.49,food,2023-01-04
1406,5105412,9716.91,entertainment,2023-09-09
1407,5038932,8583.84,travel ,2023-08-15
1408,5052731,9797.32,Shopping,2023-03-14
1409,5125542,-1000.0,,2023-06-11
1410,5009790,8675.84,travel ,2023-10-13
1411,5066597,6962.16,,2023-07-06
1412,5046035,5282.26,bills,2023-10-19
1413,5021730,8564.58,travel ,2023-07-31
1414,5142691,2733.1,Bills,2023-03-20
1415,5118268,6235.24,Food,2023-01-18
1416,5037169,2509.38,entertainment,2023-07-27
1417,5105395,5901.01,Shopping,2023-05-01
1418,5008827,9588.76,Travel,2023-11-09
1419,5099948,7778.83,travel ,2023-07-25
1420,5105436,9250.18,Entertainment,2023-09-24
1421,5056179,5763.78,food,2023-04-30
1422,5089580,3875.74,food,2023-02-13
1423,5066709,6367.15,Shopping,2023-07-07
1424,5021267,3602.49,food,2023-01-19
1425,5117095,3542.35,Food,2023-11-11
1426,5068470,,Entertainment,2023-02-23
1427,5024582,1045.28,entertainment,2023-06-04
1428,5067345,7159.61,,2023-08-20
1429,5061500,8723.68,Shopping,2023-03-05
1430,5046191,9666.99,,2023-01-07
1431,5091400,4655.59,Food,2023-03-27
1432,5029028,9591.9,Entertainment,2023-05-16
1433,5045917,6834.97,Food,2023-11-16
1434,5066915,5460.08,food,2023-05-07
1435,5022015,8964.72,Travel,2023-02-09
1436,5037212,7216.19,food,2023-02-03
1437,5022343,3698.41,Travel,2023-07-12
1438,5087819,8964.7,Bills,2023-03-26
1439,5135990,9182.1,entertainment,2023-10-11
1440,5010864,,Entertainment,2023-04-17
1441,5045992,4404.92,bills,2023-05-02
1442,5113621,555.0,entertainment,2023-01-12
1443,5033728,-1000.0,Bills,2023-10-19
1444,5142248,9346.07,,2023-01-23
1445,5009146,6307.82,Travel,2023-11-29
1446,5061611,702.08,bills,2023-06-14
1447,5052678,835.68,Entertainment,2023-09-18
1448,5053980,5047.21,Entertainment,2023-11-28
1449,5089497,5325.44,bills,2023-05-14
1450,5113440,1488.03,,2023-05-01
1451,5115947,6230.58,Travel,2023-08-31
1452,5053980,3359.31,bills,2023-02-04
1453,5126527,3545.29,bills,2023-12-26
1454,5051161,8381.39,travel ,2023-04-13
1455,5114249,4426.61,Food,2023-06-05
1456,5044669,4580.91,food,2023-10-22
1457,5029610,2873.58,Shopping,2023-10-30
1458,5148934,6591.43,entertainment,2023-07-27
1459,5099957,8328.1,Travel,2023-05-28
1460,5009918,355.31,food,2023-01-25
1461,5088181,8342.5,food,2023-06-07
1462,5033514,8436.81,Food,2023-08-03
1463,5125172,587.59,entertainment,2023-10-14
1464,5118280,1704.71,bills,2023-09-19
1465,5086062,5891.55,travel ,2023-01-16
1466,5146318,,Food,2023-11-13
1467,5028697,6636.62,food,2023-02-23
1468,5068963,4936.71,,2023-01-26
1469,5143515,4554.06,Shopping,2023-10-23
1470,5053642,4181.87,bills,2023-11-19
1471,5056179,8934.47,bills,2023-01-29
1472,5113717,7726.81,food,2023-07-21
1473,5126518,8027.39,bills,2023-10-19
1474,5056077,9681.05,Entertainment,2023-08-16
1475,5118115,3836.57,Entertainment,2023-09-19
1476,5036765,9057.7,entertainment,2023-09-26
1477,5053003,7600.13,bills,2023-02-26
1478,5113374,3308.62,Shopping,2023-10-31
1479,5052877,639.88,bills,2023-09-06
1480,5143362,1155.33,Shopping,2023-12-28
1481,5033797,9578.83,,2023-03-31
1482,5042232,4090.6,Travel,2023-01-23
1483,5091651,3286.2,travel ,2023-06-17
1484,5149402,1727.55,Entertainment,2023-12-14
1485,5125127,3127.11,Travel,2023-06-01
1486,5115604,3096.42,,2023-11-05
1487,5079016,1374.24,Bills,2023-03-09
1488,5065705,8140.1,food,2023-04-23
1489,5029544,3654.74,Entertainment,2023-11-21
1490,5018461,9527.79,food,2024-01-01
1491,5078946,9684.62,Bills,2023-10-28
1492,5136909,7257.56,bills,2023-06-06
1493,5028907,7154.28,Shopping,2023-09-12
1494,5041758,2175.5,travel ,2023-02-21
1495,5069216,715.23,food,2023-10-16
1496,5112599,4479.31,Travel,2023-07-15
1497,5096743,3136.97,Bills,2023-06-24
1498,5116035,-1000.0,food,2023-08-23
1499,5117233,4679.11,,2023-11-05
1500,5067730,1909.79,bills,2023-07-16
1501,5095193,9793.82,,2023-07-14
1502,5062334,1819.16,Bills,2023-01-24
1503,5058352,6133.5,Shopping,2023-07-21
1504,5091792,6914.28,Entertainment,2023-12-27
1505,5045380,6575.73,Shopping,2023-10-17
1506,5079167,4089.42,Bills,2023-04-14
1507,5092245,8368.9,entertainment,2023-04-30
1508,5088805,6494.16,Entertainment,2023-03-20
1509,5033728,3500.97,travel ,2023-05-14
1510,5022053,6824.49,Bills,2023-04-14
1511,5096527,-1000.0,Travel,2023-04-27
1512,5078945,6887.72,Bills,2023-06-27
1513,5095514,9421.97,Shopping,2023-06-12
1514,5038723,7001.99,,2023-10-17
1515,5058267,3419.04,Entertainment,2023-10-25
1516,5046083,6979.98,Food,2023-11-17
1517,5126308,9916.39,Bills,2023-04-13
1518,5100000,2759.05,entertainment,2023-04-26
1519,5142361,1747.39,food,2023-07-17
1520,5091369,4444.22,entertainment,2023-08-09
1521,5047853,7580.85,Bills,2023-09-26
1522,5046086,4629.48,Travel,2023-09-05
1523,5069141,7493.26,Food,2023-12-09
1524,5033439,336.26,entertainment,2023-04-24
1525,5022326,6285.35,Shopping,2023-02-09
1526,5045800,8026.02,travel ,2023-04-15
1527,5089760,2863.41,Travel,2023-08-27
1528,5065808,8476.02,,2023-04-14
1529,5116801,6940.8,Bills,2023-09-16
1530,5029538,6890.46,Food,2023-08-02
1531,5022918,5864.51,bills,2023-04-07
1532,5065477,8592.58,entertainment,2023-01-01
1533,5094884,432.56,bills,2023-01-13
1534,5149647,3842.92,Shopping,2023-08-21
1535,5125277,8947.74,Entertainment,2023-08-13
1536,5058271,9834.58,bills,2023-01-06
1537,5052739,7569.6,Travel,2023-06-21
1538,5113510,5937.34,bills,2023-10-09
1539,5112652,9705.92,Bills,2023-05-13
1540,5090214,7404.22,entertainment,2023-06-27
1541,5054079,3581.33,food,2023-06-03
1542,5096211,7713.25,,2023-05-20
1543,5053744,6104.6,Bills,2023-10-22
1544,5096621,7296.46,,2023-05-03
1545,5117047,3819.17,Bills,2023-06-09
1546,5066843,5688.49,,2023-06-05
1547,5126562,8211.64,,2023-12-31
1548,5143231,3709.47,Food,2023-03-14
1549,5116304,5961.14,entertainment,2023-10-10
1550,5096743,7227.48,bills,2023-06-13
1551,5061360,4951.81,Travel,2023-06-08
1552,5118283,4975.89,Shopping,2023-11-23
1553,5068378,8019.58,,2023-08-11
1554,5026178,8349.67,bills,2023-06-03
1555,5065763,3455.59,Entertainment,2023-08-15
1556,5146463,2888.62,Travel,2023-09-04
1557,5095631,3554.57,Travel,2023-03-04
1558,5118617,8805.82,Shopping,2023-06-17
1559,5065335,1731.11,Food,2023-01-14
1560,5045800,3505.73,bills,2023-07-12
1561,5090509,9253.03,food,2023-06-21
1562,5135841,1688.74,Bills,2023-09-24
1563,5125471,5646.87,entertainment,2023-07-03
1564,5105291,7931.24,Entertainment,2023-12-19
1565,5143519,791.75,Shopping,2023-11-20
1566,5061161,5036.01,entertainment,2023-10-12
1567,5143235,4305.45,food,2023-09-21
1568,5025020,9815.82,Food,2023-05-18
1569,5062525,2815.63,entertainment,2023-07-16
1570,5045439,619.77,Food,2023-04-15
1571,5117233,,,2023-08-24
1572,5023706,828.89,Travel,2023-01-07
1573,5113854,5889.24,Shopping,2023-07-12
1574,5036881,3350.81,Entertainment,2023-10-09
1575,5149834,7525.34,Shopping,2023-02-07
1576,5045614,5989.77,food,2023-10-16
1577,5028930,657.46,,2023-01-08
1578,5009443,7746.23,travel ,2023-07-09
1579,5143231,9241.92,,2023-12-29
1580,5048486,8638.46,Shopping,2023-02-03
1581,5078931,8456.32,Travel,2023-03-30
1582,5095324,7535.85,Bills,2023-01-14
1583,5010172,9633.49,,2023-03-25
1584,5065704,4384.53,,2023-01-08
1585,5053918,980.71,travel ,2023-12-16
1586,5028547,-1000.0,Shopping,2023-03-17
1587,5033916,252.22,bills,2023-04-12
1588,5105743,1441.83,travel ,2023-05-27
1589,5065723,1470.54,Travel,2023-05-27
1590,5149838,5302.56,bills,2023-10-17
1591,5067090,5432.91,Shopping,2023-03-17
1592,5117716,5988.97,bills,2023-09-27
1593,5135378,9020.37,Travel,2023-11-05
1594,5061773,1217.36,,2023-03-07
1595,5090464,8098.63,bills,2023-11-18
1596,5010526,2944.11,food,2023-05-17
1597,5046324,1813.07,Bills,2023-04-24
1598,5143453,8607.0,travel ,2023-06-06
1599,5069028,7427.46,bills,2023-09-14
1600,5048301,6567.13,Travel,2023-06-19
1601,5009790,,Travel,2023-10-17
1602,5058366,8268.27,travel ,2023-10-31
1603,5116369,8203.16,travel ,2023-07-27
1604,5148934,6814.13,food,2023-07-25
1605,5022676,9383.11,bills,2023-11-12
1606,5046379,8298.78,Shopping,2023-11-24
1607,5149946,,travel ,2023-10-26
1608,5067926,3232.03,Food,2023-07-06
1609,5091921,2395.63,Food,2023-08-14
1610,5094896,5644.83,Entertainment,2023-01-11
1611,5068888,6561.78,Bills,2023-09-15
1612,5022803,9859.96,,2023-06-16
1613,5143342,5755.62,Food,2023-09-01
1614,5091824,9328.8,Food,2023-01-30
1615,5100010,951.47,travel ,2023-01-09
1616,5114061,1118.13,entertainment,2023-06-13
1617,5065723,7971.41,Food,2023-12-13
1618,5024033,1093.63,Bills,2023-11-15
1619,5089736,9116.61,Bills,2023-11-02
1620,5010203,-1000.0,Travel,2023-01-05
1621,5135474,474.11,entertainment,2023-06-20
1622,5113801,7188.67,Travel,2023-04-15
1623,5085768,6649.16,,2023-01-29
1624,5090310,1400.82,travel ,2023-07-20
1625,5061139,5129.13,Shopping,2023-08-28
1626,5142118,,food,2023-05-06
1627,5045888,2779.82,bills,2023-09-16
1628,5009941,644.3,bills,2023-05-13
1629,5033514,1170.67,Shopping,2023-07-09
1630,5096466,5864.31,Shopping,2023-04-26
1631,5036469,5162.2,,2023-06-28
1632,5036648,7944.32,bills,2023-05-31
1633,5116258,5617.71,Shopping,2023-06-09
1634,5142459,7070.44,,2023-04-21
1635,5009744,8897.8,food,2023-03-14
1636,5067182,177.27,Shopping,2023-06-28
1637,5091369,,,2023-12-31
1638,5053254,2202.99,Shopping,2023-07-24
1639,5137033,1571.72,,2023-05-04
1640,5035546,2821.34,travel ,2023-02-12
1641,5054099,6633.48,bills,2023-04-26
1642,5028302,9649.9,,2023-01-30
1643,5117314,3064.28,Shopping,2023-08-13
1644,5054496,8257.08,travel ,2023-10-02
1645,5009269,9903.49,bills,2023-12-13
1646,5048583,6279.87,travel ,2023-11-30
1647,5113976,8563.52,Entertainment,2023-06-15
1648,5044940,7409.32,Bills,2023-09-15
1649,5058271,-1000.0,,2023-07-15
1650,5033906,7432.51,,2023-11-03
1651,5097024,803.89,Entertainment,2023-02-08
1652,5096527,7657.8,travel ,2023-05-10
1653,5148669,391.05,Shopping,2023-12-18
1654,5143457,5049.49,Shopping,2023-11-16
1655,5037247,4255.14,Entertainment,2023-04-06
1656,5065477,-1000.0,bills,2023-04-21
1657,5068196,1222.38,Food,2023-06-25
1658,5065723,8968.29,Entertainment,2023-02-05
1659,5142649,107.13,Food,2023-01-13
1660,5010864,9935.01,Entertainment,2023-09-14
1661,5125730,2550.16,Shopping,2023-10-10
1662,5149834,9063.65,Travel,2023-01-05
1663,5146005,3325.99,Entertainment,2023-05-02
1664,5105577,6518.82,,2023-04-12
1665,5148915,1067.78,Entertainment,2023-09-25
1666,5096483,3481.8,Shopping,2023-06-11
1667,5036936,-1000.0,,2023-01-19
1668,5117248,1271.1,Shopping,2023-04-22
1669,5135851,2833.04,Travel,2023-01-23
1670,5051120,6259.04,entertainment,2023-06-16
1671,5036926,158.43,,2023-11-07
1672,5090509,7878.3,Food,2023-08-21
1673,5010225,4908.61,Entertainment,2023-03-21
1674,5041758,3670.47,food,2023-06-25
1675,5105685,5442.59,Entertainment,2023-05-06
1676,5021490,9664.87,travel ,2023-04-05
1677,5053872,,food,2023-05-07
1678,5118472,1395.97,Travel,2023-03-02
1679,5023706,200.43,Shopping,2023-05-20
1680,5021445,3198.84,Food,2023-01-09
1681,5044594,9213.58,Food,2023-09-27
1682,5009754,2051.83,entertainment,2023-02-07
1683,5024077,1618.04,food,2023-08-19
1684,5053472,6681.39,bills,2023-04-05
1685,5033514,7223.59,food,2023-04-22
1686,5091708,3344.42,Shopping,2023-09-23
1687,5091144,4918.5,bills,2023-11-04
1688,5054697,6753.73,bills,2023-10-22
1689,5033514,2985.52,travel ,2023-02-23
1690,5010865,1916.35,Bills,2023-10-22
1691,5146123,8399.92,,2023-03-07
1692,5090780,51.83,Bills,2023-10-07
1693,5052762,9306.0,Shopping,2023-01-26
1694,5115992,4601.22,travel ,2023-08-02
1695,5090788,9051.88,bills,2023-09-28
1696,5143342,7188.98,bills,2023-05-11
1697,5145817,8756.08,Travel,2023-06-26
1698,5041675,9821.79,bills,2023-06-01
1699,5010865,5608.47,Shopping,2023-09-19
1700,5051061,5063.96,Travel,2023-09-14
1701,5028468,7590.75,travel ,2023-05-15
1702,5009752,2392.93,Food,2023-03-04
1703,5009754,3122.07,food,2023-04-21
1704,5053941,118.94,Food,2023-11-09
1705,5029152,,food,2023-08-03
1706,5135636,6895.99,Food,2023-11-23
1707,5051120,7764.0,entertainment,2023-09-04
1708,5067444,8043.07,Entertainment,2023-03-21
1709,5010596,5708.89,travel ,2023-02-19
1710,5112736,8711.11,entertainment,2023-01-27
1711,5023261,2148.51,,2023-09-20
1712,5022063,6477.21,Food,2023-03-22
1713,5100464,4416.27,Bills,2023-01-27
1714,5050655,7927.14,Bills,2023-02-01
1715,5116883,5361.07,food,2023-02-08
1716,5113510,3526.29,Travel,2023-03-28
1717,5105422,5604.45,Travel,2023-07-20
1718,5105067,4177.57,Food,2023-04-21
1719,5136029,292.98,Food,2023-10-18
1720,5067982,3759.39,Food,2023-07-11
1721,5022571,3930.37,Food,2023-03-18
1722,5029311,4252.77,entertainment,2023-10-18
1723,5066709,-1000.0,,2023-12-01
1724,5024352,8935.51,Shopping,2023-08-16
1725,5023491,5626.96,bills,2023-06-20
1726,5069216,3903.7,Travel,2023-11-29
1727,5090126,8776.96,,2023-02-07
1728,5035859,,travel ,2023-01-19
1729,5036319,7771.4,Shopping,2023-04-16
1730,5113440,6632.81,Food,2023-01-18
1731,5092021,4447.81,travel ,2023-01-30
1732,5091735,9175.25,Travel,2023-07-11
1733,5088851,6554.72,Shopping,2023-08-07
1734,5066879,9277.58,food,2023-03-03
1735,5067638,7198.38,food,2023-10-26
1736,5116478,2759.59,food,2023-12-14
1737,5028569,2556.99,bills,2023-11-18
1738,5089959,2185.26,Food,2023-11-05
1739,5038897,5632.58,Travel,2023-06-17
1740,5114114,1557.72,,2023-09-21
1741,5117756,575.43,Travel,2023-09-17
1742,5135938,2593.5,Shopping,2023-08-10
1743,5139729,9816.23,,2023-10-02
1744,5025207,8381.92,Food,2023-07-08
1745,5113291,2460.14,food,2023-07-04
1746,5142599,3099.77,bills,2023-11-17
1747,5091374,4347.1,Food,2023-05-31
1748,5029554,2828.08,bills,2023-04-06
1749,5099877,5507.82,bills,2023-05-20
1750,5053114,4484.43,Food,2023-09-25
1751,5009579,,food,2023-10-03
1752,5065348,1655.41,Bills,2023-04-06
1753,5148812,8160.82,bills,2023-02-07
1754,5096059,8308.81,Food,2023-08-22
1755,5113288,3648.96,,2023-07-14
1756,5067299,4537.76,,2023-01-28
1757,5100430,524.12,,2023-09-24
1758,5028946,3426.81,,2023-11-12
1759,5024077,6441.2,Shopping,2023-11-26
1760,5148915,7741.17,Bills,2023-04-11
1761,5053744,8195.07,travel ,2023-12-17
1762,5114060,3675.89,,2023-02-26
1763,5142733,2303.17,Entertainment,2023-07-18
1764,5041921,4251.26,travel ,2023-10-22
1765,5117392,8875.28,travel ,2023-12-28
1766,5112870,,food,2023-06-23
1767,5010078,4213.57,food,2023-06-11
1768,5089770,130.04,travel ,2023-12-04
1769,5010226,5100.83,travel ,2023-05-30
1770,5079075,9762.05,Entertainment,2023-12-02
1771,5053790,2249.12,Shopping,2023-11-23
1772,5135345,2765.45,entertainment,2023-09-19
1773,5021775,1429.46,Shopping,2023-01-14
1774,5029311,2513.5,Entertainment,2023-02-14
1775,5092221,9364.76,Food,2023-09-03
1776,5088101,2282.37,bills,2023-04-04
1777,5116056,7233.45,food,2023-09-17
1778,5053646,4861.36,bills,2023-03-20
1779,5054188,2395.24,Travel,2023-08-18
1780,5045895,7421.14,Shopping,2023-04-30
1781,5028802,7841.1,entertainment,2023-03-22
1782,5068470,5899.59,Bills,2023-12-31
1783,5069380,3027.39,travel ,2023-03-28
1784,5095896,5223.71,Travel,2023-05-27
1785,5048642,1938.07,food,2023-08-16
1786,5061773,9571.27,bills,2023-03-19
1787,5033814,,Bills,2023-12-02
1788,5008865,,,2023-02-02
1789,5068523,1911.65,,2023-05-14
1790,5024352,6156.46,entertainment,2023-05-14
1791,5010172,4535.24,Shopping,2023-07-13
1792,5023831,7715.96,entertainment,2023-10-04
1793,5126101,6074.96,food,2023-11-14
1794,5090039,900.01,bills,2023-08-16
1795,5137229,2510.24,,2023-06-11
1796,5048121,-1000.0,Food,2023-10-10
1797,5142698,,Travel,2023-06-19
1798,5022676,7038.17,Entertainment,2023-11-11
1799,5114643,7283.46,Travel,2023-10-14
439,5021879,1730.22,travel ,2023-07-31
1002,5096670,,food,2023-08-31
915,5048448,5467.05,travel ,2023-03-23
1457,5029610,2873.58,Shopping,2023-10-30
1051,5092021,8041.86,Entertainment,2023-11-23
767,5145964,5362.32,Entertainment,2023-09-04
744,5126124,-1000.0,entertainment,2023-07-21
158,5042232,3313.88,bills,2023-04-22
1606,5046379,8298.78,Shopping,2023-11-24
380,5150221,9643.68,bills,2023-11-20
829,5061611,2988.19,Food,2023-04-09
1361,5146456,9367.37,Food,2023-11-01
1728,5035859,,travel ,2023-01-19
920,5097134,5319.71,Bills,2023-12-01
837,5091006,1309.58,food,2023-01-11
1793,5126101,6074.96,food,2023-11-14
1362,5028726,670.83,food,2023-09-24
93,5148748,1962.34,Travel,2023-04-12
1444,5142248,9346.07,,2023-01-23
332,5037254,2553.18,,2023-02-26
292,5036660,7679.77,,2023-03-24
1099,5022954,1207.79,Bills,2023-09-07
8,5028909,376.66,Travel,2023-06-04
1797,5142698,,Travel,2023-06-19
518,5104945,5683.29,Entertainment,2023-08-21
1326,5022612,8299.06,Food,2023-06-29
859,5091894,7795.93,Entertainment,2023-04-16
831,5137542,6939.57,Entertainment,2023-10-05
643,5091880,3124.78,Entertainment,2023-02-15
1053,5068238,7308.73,Shopping,2023-01-24
348,5028726,6751.78,bills,2023-08-08
135,5125158,,Shopping,2023-04-27
1788,5008865,,,2023-02-02
1531,5022918,5864.51,bills,2023-04-07
683,5068367,9364.57,entertainment,2023-09-17
256,5149484,2074.38,Bills,2023-04-12
1087,5028580,3466.89,Bills,2023-01-16
1720,5067982,3759.39,Food,2023-07-11
300,5136976,8353.42,entertainment,2023-04-02
0,5023914,6020.66,bills,2023-01-23
1233,5142781,657.05,Entertainment,2023-06-07
1387,5113861,2675.04,travel ,2023-07-08
636,5146086,8777.26,bills,2023-06-19
1723,5066709,-1000.0,,2023-12-01
1449,5089497,5325.44,bills,2023-05-14
1717,5105422,5604.45,Travel,2023-07-20
1525,5022326,6285.35,Shopping,2023-02-09
1740,5114114,1557.72,,2023-09-21
839,5085861,9612.57,bills,2023-12-17
1644,5054496,8257.08,travel ,2023-10-02
