id,customer_id,amount,category,date,month,weekday,day
0,5023914,6020.66,Bills,2023-01-23,1,Monday,23
2,5052882,7890.49,Bills,2023-12-07,12,Thursday,7
3,5096424,1978.97,Shopping,2023-06-13,6,Tuesday,13
4,5149887,8413.15,Shopping,2023-01-27,1,Friday,27
5,5053354,2968.73,Entertainment,2023-07-03,7,Monday,3
6,5143427,9277.31,Travel,2023-06-17,6,Saturday,17
7,5142482,1776.39,Food,2023-04-30,4,Sunday,30
8,5028909,376.66,Travel,2023-06-04,6,Sunday,4
9,5021267,4203.96,Unknown,2023-02-06,2,Monday,6
10,5068389,8145.75,Food,2023-11-02,11,Thursday,2
12,5091983,9420.22,Shopping,2023-07-05,7,Wednesday,5
13,5023089,3459.39,Entertainment,2023-01-10,1,Tuesday,10
14,5054699,2951.41,Travel,2023-02-24,2,Friday,24
15,5096300,451.01,Travel,2023-06-18,6,Sunday,18
16,5096621,1863.56,Food,2023-12-27,12,Wednesday,27
17,5009744,200.1,Unknown,2023-03-26,3,Sunday,26
18,5118268,9254.88,Shopping,2023-12-19,12,Tuesday,19
19,5142920,6662.14,Travel,2023-04-15,4,Saturday,15
20,5149744,2952.12,Entertainment,2023-07-03,7,Monday,3
21,5135705,8337.87,Food,2023-11-23,11,Thursday,23
22,5022156,7788.46,Food,2023-02-18,2,Saturday,18
23,5068147,4599.6,Bills,2023-06-04,6,Sunday,4
24,5118219,8238.98,Bills,2023-07-14,7,Friday,14
25,5046415,381.47,Travel,2023-11-19,11,Sunday,19
26,5066562,7875.29,Travel,2023-12-10,12,Sunday,10
27,5112662,8629.68,Food,2023-12-04,12,Monday,4
28,5061076,2784.52,Entertainment,2023-06-09,6,Friday,9
31,5115984,7726.86,Travel,2023-07-07,7,Friday,7
32,5068019,5937.51,Unknown,2023-01-23,1,Monday,23
33,5116018,6220.8,Travel,2023-04-07,4,Friday,7
34,5090493,6932.5,Food,2023-05-23,5,Tuesday,23
35,5145817,8102.6,Travel,2023-03-13,3,Monday,13
36,5010596,6520.54,Food,2023-04-14,4,Friday,14
37,5045742,8249.7,Entertainment,2023-07-07,7,Friday,7
38,5117753,8385.76,Travel,2023-08-29,8,Tuesday,29
39,5054460,2450.04,Shopping,2023-02-17,2,Friday,17
40,5148732,9245.52,Bills,2023-05-12,5,Friday,12
41,5150164,3054.0,Travel,2023-07-25,7,Tuesday,25
42,5028909,8314.29,Food,2023-10-27,10,Friday,27
43,5116302,9869.97,Shopping,2023-08-14,8,Monday,14
44,5022954,5595.24,Food,2023-11-26,11,Sunday,26
45,5066843,7644.21,Unknown,2023-12-20,12,Wednesday,20
46,5143427,6516.67,Travel,2023-08-12,8,Saturday,12
47,5116991,3609.93,Unknown,2023-01-01,1,Sunday,1
48,5022243,7432.18,Bills,2023-07-28,7,Friday,28
49,5022617,7270.25,Entertainment,2023-07-03,7,Monday,3
50,5052877,7272.34,Travel,2023-01-23,1,Monday,23
51,5142812,1124.33,Food,2023-05-22,5,Monday,22
52,5010498,4457.29,Unknown,2023-05-20,5,Saturday,20
53,5069399,8402.06,Bills,2023-05-30,5,Tuesday,30
54,5054058,5637.79,Food,2023-02-04,2,Saturday,4
55,5061321,5590.19,Travel,2023-07-02,7,Sunday,2
56,5132569,7423.12,Food,2023-12-24,12,Sunday,24
57,5050619,7300.92,Unknown,2023-10-12,10,Thursday,12
58,5106118,974.26,Bills,2023-03-26,3,Sunday,26
59,5021584,8640.59,Shopping,2023-03-27,3,Monday,27
61,5126124,2333.65,Unknown,2023-08-07,8,Monday,7
62,5146114,8597.74,Bills,2023-03-12,3,Sunday,12
63,5117450,8394.72,Shopping,2023-09-18,9,Monday,18
66,5113847,3757.03,Shopping,2023-07-02,7,Sunday,2
67,5115884,4153.14,Food,2023-04-04,4,Tuesday,4
69,5042064,3886.26,Bills,2023-12-14,12,Thursday,14
70,5137385,4450.51,Unknown,2023-06-05,6,Monday,5
71,5089218,993.26,Unknown,2023-04-24,4,Monday,24
73,5089719,2104.54,Shopping,2023-04-26,4,Wednesday,26
74,5009319,7414.68,Bills,2023-09-19,9,Tuesday,19
75,5090470,3475.4,Shopping,2023-01-20,1,Friday,20
76,5066709,1010.92,Food,2023-09-02,9,Saturday,2
78,5143515,8921.67,Shopping,2023-04-10,4,Monday,10
79,5033895,6603.05,Bills,2023-03-08,3,Wednesday,8
80,5111159,3007.18,Travel,2023-02-06,2,Monday,6
81,5146410,7126.69,Shopping,2023-06-07,6,Wednesday,7
82,5051120,2893.74,Food,2023-05-04,5,Thursday,4
83,5132752,8610.69,Bills,2023-07-20,7,Thursday,20
84,5021293,632.53,Food,2023-04-26,4,Wednesday,26
85,5066562,4390.47,Shopping,2023-07-24,7,Monday,24
86,5139757,1804.8,Entertainment,2023-08-30,8,Wednesday,30
87,5116373,5287.29,Travel,2023-07-16,7,Sunday,16
88,5079141,5894.08,Unknown,2023-01-20,1,Friday,20
89,5146447,4207.31,Entertainment,2023-01-08,1,Sunday,8
90,5021879,3755.64,Food,2023-12-23,12,Saturday,23
91,5067242,6487.93,Travel,2023-09-18,9,Monday,18
92,5065342,2523.84,Bills,2023-10-30,10,Monday,30
93,5148748,1962.34,Travel,2023-04-12,4,Wednesday,12
94,5146558,8840.44,Shopping,2023-02-02,2,Thursday,2
95,5066879,4992.31,Bills,2023-04-12,4,Wednesday,12
97,5146558,9822.78,Bills,2023-10-05,10,Thursday,5
98,5095423,6788.99,Food,2023-08-01,8,Tuesday,1
99,5145817,2235.33,Entertainment,2023-10-09,10,Monday,9
100,5010526,595.6,Travel,2023-12-30,12,Saturday,30
101,5033814,8783.81,Entertainment,2023-09-01,9,Friday,1
102,5024670,6571.18,Entertainment,2023-12-21,12,Thursday,21
103,5050655,3457.6,Entertainment,2023-09-14,9,Thursday,14
104,5148897,1005.36,Food,2023-08-01,8,Tuesday,1
105,5115957,9891.45,Entertainment,2023-09-14,9,Thursday,14
106,5053173,3405.61,Entertainment,2023-09-22,9,Friday,22
107,5069257,6772.12,Travel,2023-11-26,11,Sunday,26
108,5125710,2152.88,Shopping,2023-06-13,6,Tuesday,13
109,5091963,7169.85,Unknown,2023-01-17,1,Tuesday,17
110,5126108,9332.36,Food,2023-07-03,7,Monday,3
111,5044594,4997.1,Food,2023-12-21,12,Thursday,21
112,5061636,5309.37,Travel,2023-10-26,10,Thursday,26
113,5118108,9416.98,Travel,2023-08-14,8,Monday,14
114,5139410,9412.94,Entertainment,2023-08-12,8,Saturday,12
115,5069169,8654.62,Food,2023-09-19,9,Tuesday,19
116,5058352,5159.44,Food,2023-03-21,3,Tuesday,21
117,5116809,4650.69,Bills,2023-06-21,6,Wednesday,21
118,5061145,7086.53,Entertainment,2023-08-06,8,Sunday,6
119,5033966,8956.52,Bills,2023-03-28,3,Tuesday,28
120,5115921,558.87,Unknown,2023-03-28,3,Tuesday,28
121,5050603,6721.53,Food,2023-03-14,3,Tuesday,14
122,5054099,7801.23,Entertainment,2023-11-29,11,Wednesday,29
123,5125524,9670.36,Entertainment,2023-01-02,1,Monday,2
124,5090788,8426.86,Travel,2023-04-21,4,Friday,21
125,5137151,4956.05,Travel,2023-01-07,1,Saturday,7
126,5096670,124.33,Food,2023-03-27,3,Monday,27
127,5089269,2775.91,Unknown,2023-08-30,8,Wednesday,30
128,5137542,2048.85,Bills,2023-04-19,4,Wednesday,19
129,5053918,780.29,Entertainment,2023-02-04,2,Saturday,4
130,5091735,5438.71,Bills,2023-06-12,6,Monday,12
131,5113163,978.07,Bills,2023-12-11,12,Monday,11
132,5142691,5471.87,Unknown,2023-03-18,3,Saturday,18
133,5010435,1907.74,Entertainment,2023-01-28,1,Saturday,28
134,5061360,8330.51,Travel,2023-04-11,4,Tuesday,11
136,5021214,6249.18,Entertainment,2023-10-23,10,Monday,23
137,5037088,5350.17,Food,2023-04-12,4,Wednesday,12
138,5053388,2517.49,Food,2023-11-13,11,Monday,13
139,5021267,692.66,Entertainment,2023-10-22,10,Sunday,22
140,5105791,3375.85,Shopping,2023-09-01,9,Friday,1
141,5111117,2190.8,Unknown,2023-03-22,3,Wednesday,22
142,5089137,414.39,Shopping,2023-10-03,10,Tuesday,3
143,5010025,952.65,Travel,2023-09-24,9,Sunday,24
144,5052722,5670.17,Bills,2023-03-02,3,Thursday,2
145,5105819,5870.78,Entertainment,2023-09-25,9,Monday,25
147,5046340,5696.0,Travel,2023-10-29,10,Sunday,29
148,5065704,2855.68,Food,2023-12-08,12,Friday,8
149,5142458,8341.92,Unknown,2023-06-12,6,Monday,12
150,5137401,2030.84,Food,2023-03-26,3,Sunday,26
151,5023831,4347.97,Food,2023-07-11,7,Tuesday,11
152,5036660,7331.5,Entertainment,2023-09-07,9,Thursday,7
153,5053182,9680.24,Food,2023-12-25,12,Monday,25
154,5117216,427.66,Shopping,2023-09-03,9,Sunday,3
155,5100133,2896.89,Food,2023-06-05,6,Monday,5
156,5052952,782.91,Unknown,2023-09-30,9,Saturday,30
158,5042232,3313.88,Bills,2023-04-22,4,Saturday,22
159,5126751,152.05,Shopping,2023-03-12,3,Sunday,12
160,5113180,1188.11,Entertainment,2023-08-22,8,Tuesday,22
161,5028446,459.51,Travel,2023-03-24,3,Friday,24
162,5009752,2252.65,Food,2023-03-23,3,Thursday,23
163,5037169,3152.96,Food,2023-05-14,5,Sunday,14
164,5096670,9235.81,Food,2023-11-24,11,Friday,24
165,5146114,2141.91,Bills,2023-08-19,8,Saturday,19
166,5065763,351.27,Food,2023-03-22,3,Wednesday,22
167,5021303,6065.7,Travel,2023-01-09,1,Monday,9
169,5046283,5777.34,Travel,2023-12-23,12,Saturday,23
170,5111117,5925.39,Entertainment,2023-01-28,1,Saturday,28
171,5091894,6615.43,Shopping,2023-05-06,5,Saturday,6
172,5035627,6976.91,Travel,2023-05-18,5,Thursday,18
174,5149980,5390.2,Bills,2023-06-03,6,Saturday,3
175,5117594,7131.86,Travel,2023-07-25,7,Tuesday,25
176,5135863,5809.08,Food,2023-11-28,11,Tuesday,28
177,5142185,5727.92,Entertainment,2023-08-11,8,Friday,11
178,5125399,1506.76,Bills,2023-11-23,11,Thursday,23
179,5118278,8609.58,Bills,2023-02-21,2,Tuesday,21
180,5024916,5931.26,Shopping,2023-10-13,10,Friday,13
181,5118527,1479.46,Food,2023-07-17,7,Monday,17
182,5037212,5790.14,Entertainment,2023-10-20,10,Friday,20
183,5091925,6639.33,Bills,2023-05-07,5,Sunday,7
184,5118268,3969.42,Entertainment,2023-12-17,12,Sunday,17
185,5054625,7756.94,Unknown,2023-11-11,11,Saturday,11
186,5089117,2739.85,Bills,2023-05-17,5,Wednesday,17
187,5038619,8283.9,Food,2023-09-23,9,Saturday,23
188,5009053,1608.4,Food,2023-07-15,7,Saturday,15
190,5089954,8582.82,Bills,2023-08-23,8,Wednesday,23
191,5053941,4774.75,Food,2023-04-21,4,Friday,21
192,5126308,5290.23,Entertainment,2023-10-06,10,Friday,6
193,5125716,7588.21,Travel,2023-08-26,8,Saturday,26
194,5033628,8449.86,Bills,2023-11-14,11,Tuesday,14
195,5066915,3320.37,Bills,2023-09-27,9,Wednesday,27
196,5024586,2007.16,Entertainment,2023-04-12,4,Wednesday,12
197,5142153,8076.44,Travel,2023-02-20,2,Monday,20
198,5149188,8317.63,Entertainment,2023-11-04,11,Saturday,4
199,5046035,1919.21,Food,2023-05-07,5,Sunday,7
200,5062131,7104.35,Entertainment,2023-07-07,7,Friday,7
201,5067542,2765.17,Entertainment,2023-02-14,2,Tuesday,14
202,5146472,6424.73,Food,2023-04-01,4,Saturday,1
203,5142584,3947.93,Shopping,2023-05-18,5,Thursday,18
204,5113057,5771.22,Entertainment,2023-06-13,6,Tuesday,13
205,5067723,2934.1,Entertainment,2023-07-29,7,Saturday,29
206,5054460,4656.17,Shopping,2023-09-18,9,Monday,18
207,5041921,5753.81,Shopping,2023-06-15,6,Thursday,15
209,5044987,7089.4,Shopping,2023-11-05,11,Sunday,5
210,5135378,6381.03,Bills,2023-07-19,7,Wednesday,19
211,5149980,9362.48,Bills,2023-07-20,7,Thursday,20
212,5091766,5191.32,Entertainment,2023-03-06,3,Monday,6
213,5149592,1582.35,Shopping,2023-10-13,10,Friday,13
214,5023692,6311.09,Unknown,2023-06-24,6,Saturday,24
215,5069216,7209.68,Entertainment,2023-05-07,5,Sunday,7
216,5061360,8301.19,Travel,2023-05-25,5,Thursday,25
217,5045614,5163.57,Travel,2023-04-05,4,Wednesday,5
218,5024148,3835.6,Entertainment,2023-07-24,7,Monday,24
219,5091735,5792.47,Food,2023-11-18,11,Saturday,18
220,5045798,7760.11,Food,2023-07-11,7,Tuesday,11
221,5021737,1500.48,Food,2023-11-20,11,Monday,20
222,5143016,6570.82,Bills,2023-06-20,6,Tuesday,20
223,5024916,3464.54,Food,2023-04-09,4,Sunday,9
224,5054697,7987.63,Bills,2023-11-17,11,Friday,17
225,5117756,650.54,Shopping,2023-10-07,10,Saturday,7
226,5021693,3227.97,Bills,2023-04-14,4,Friday,14
227,5024263,2646.01,Travel,2023-06-23,6,Friday,23
228,5069066,7613.51,Entertainment,2023-09-14,9,Thursday,14
229,5045888,9277.32,Bills,2023-03-03,3,Friday,3
230,5029400,7804.83,Travel,2023-08-23,8,Wednesday,23
231,5089632,268.49,Bills,2023-05-26,5,Friday,26
232,5145970,6528.44,Bills,2023-08-01,8,Tuesday,1
233,5051007,5957.24,Food,2023-11-13,11,Monday,13
234,5148573,1363.96,Travel,2023-09-22,9,Friday,22
235,5068238,6759.04,Entertainment,2023-12-28,12,Thursday,28
236,5067926,6967.14,Bills,2023-11-07,11,Tuesday,7
237,5041271,5697.56,Bills,2023-05-14,5,Sunday,14
238,5113639,5729.75,Travel,2023-02-21,2,Tuesday,21
239,5035682,1565.99,Travel,2023-12-26,12,Tuesday,26
240,5065763,3817.88,Entertainment,2023-12-12,12,Tuesday,12
241,5010881,2926.65,Bills,2023-01-07,1,Saturday,7
242,5009739,97.41,Entertainment,2023-10-01,10,Sunday,1
243,5091369,635.06,Bills,2023-01-27,1,Friday,27
244,5088699,7136.76,Entertainment,2023-12-18,12,Monday,18
245,5009845,2052.8,Shopping,2023-05-16,5,Tuesday,16
246,5140019,9015.06,Shopping,2023-03-29,3,Wednesday,29
247,5036765,6381.15,Travel,2023-03-27,3,Monday,27
248,5113288,5132.34,Food,2023-10-31,10,Tuesday,31
249,5146123,853.23,Food,2023-11-27,11,Monday,27
250,5036936,8242.77,Entertainment,2023-12-23,12,Saturday,23
251,5118397,8119.33,Unknown,2023-03-16,3,Thursday,16
252,5089512,4379.84,Entertainment,2023-06-04,6,Sunday,4
253,5052879,6462.36,Entertainment,2023-06-01,6,Thursday,1
254,5068378,4961.48,Entertainment,2023-12-21,12,Thursday,21
255,5068648,8284.95,Bills,2023-02-23,2,Thursday,23
256,5149484,2074.38,Bills,2023-04-12,4,Wednesday,12
257,5105614,6812.35,Entertainment,2023-11-25,11,Saturday,25
259,5078805,1558.13,Bills,2023-07-16,7,Sunday,16
260,5036474,7085.22,Unknown,2023-04-27,4,Thursday,27
261,5115679,6582.39,Shopping,2023-04-22,4,Saturday,22
262,5117248,8440.83,Travel,2023-10-19,10,Thursday,19
263,5067187,6504.37,Bills,2023-07-13,7,Thursday,13
264,5132752,3904.3,Travel,2023-03-21,3,Tuesday,21
265,5050440,7488.55,Bills,2023-04-01,4,Saturday,1
266,5029544,9651.41,Entertainment,2023-09-08,9,Friday,8
267,5146447,2720.68,Entertainment,2023-03-15,3,Wednesday,15
268,5146429,2634.73,Food,2023-02-19,2,Sunday,19
269,5125710,4786.8,Food,2023-04-07,4,Friday,7
270,5091826,8993.0,Shopping,2023-04-09,4,Sunday,9
271,5028337,6100.03,Food,2023-01-01,1,Sunday,1
272,5104868,1763.01,Bills,2023-10-09,10,Monday,9
273,5061500,3176.37,Bills,2023-02-26,2,Sunday,26
274,5022449,5408.41,Bills,2023-12-30,12,Saturday,30
275,5115671,1634.95,Shopping,2023-11-19,11,Sunday,19
276,5069117,7804.7,Entertainment,2023-10-08,10,Sunday,8
277,5116343,7162.33,Entertainment,2023-05-02,5,Tuesday,2
279,5069199,5067.82,Bills,2023-02-12,2,Sunday,12
280,5067345,7963.84,Entertainment,2023-03-13,3,Monday,13
281,5114060,690.23,Food,2023-11-06,11,Monday,6
282,5117716,2515.48,Entertainment,2023-05-15,5,Monday,15
283,5105550,9165.67,Food,2023-01-12,1,Thursday,12
284,5037212,1909.48,Entertainment,2023-06-10,6,Saturday,10
285,5024258,6469.99,Entertainment,2023-03-04,3,Saturday,4
286,5090805,9301.84,Food,2023-05-25,5,Thursday,25
287,5113711,4929.85,Travel,2023-01-13,1,Friday,13
288,5045742,2851.86,Entertainment,2023-11-26,11,Sunday,26
289,5029028,5077.64,Unknown,2023-07-30,7,Sunday,30
290,5116036,7444.62,Entertainment,2023-12-19,12,Tuesday,19
291,5035627,5920.81,Food,2023-08-13,8,Sunday,13
292,5036660,7679.77,Unknown,2023-03-24,3,Friday,24
293,5115671,6257.22,Bills,2023-02-13,2,Monday,13
294,5045255,580.82,Food,2023-12-01,12,Friday,1
295,5009291,804.68,Unknown,2023-12-06,12,Wednesday,6
296,5045513,2756.77,Shopping,2023-01-05,1,Thursday,5
297,5025047,5567.69,Bills,2023-04-21,4,Friday,21
298,5068038,8534.78,Bills,2023-03-19,3,Sunday,19
299,5143353,8978.37,Food,2023-04-18,4,Tuesday,18
300,5136976,8353.42,Entertainment,2023-04-02,4,Sunday,2
301,5143164,2516.18,Bills,2023-04-30,4,Sunday,30
302,5054453,6360.66,Travel,2023-02-04,2,Saturday,4
303,5091564,4735.68,Travel,2023-06-21,6,Wednesday,21
304,5054079,1490.58,Entertainment,2023-02-27,2,Monday,27
305,5069216,1997.37,Unknown,2023-05-09,5,Tuesday,9
306,5091826,3371.82,Entertainment,2023-07-26,7,Wednesday,26
307,5066915,8102.54,Entertainment,2023-05-17,5,Wednesday,17
308,5115921,7872.71,Food,2023-09-28,9,Thursday,28
309,5079166,7080.46,Unknown,2023-11-18,11,Saturday,18
310,5050975,8427.69,Entertainment,2023-10-31,10,Tuesday,31
311,5090214,554.72,Travel,2023-08-06,8,Sunday,6
312,5116373,8339.6,Unknown,2023-01-15,1,Sunday,15
313,5143016,2752.54,Entertainment,2023-06-05,6,Monday,5
314,5150038,8606.75,Entertainment,2023-02-07,2,Tuesday,7
315,5033884,2584.91,Entertainment,2023-04-15,4,Saturday,15
316,5035627,1121.47,Bills,2023-01-21,1,Saturday,21
317,5114249,8870.99,Entertainment,2023-12-15,12,Friday,15
318,5033966,1401.21,Entertainment,2023-04-06,4,Thursday,6
319,5089896,3956.35,Food,2023-07-19,7,Wednesday,19
320,5090082,5012.17,Entertainment,2023-10-09,10,Monday,9
321,5100373,8939.68,Shopping,2023-03-28,3,Tuesday,28
322,5067299,8468.77,Travel,2023-06-02,6,Friday,2
323,5137163,6628.22,Bills,2023-03-22,3,Wednesday,22
324,5105422,285.0,Unknown,2023-02-16,2,Thursday,16
325,5028572,8369.9,Bills,2023-09-23,9,Saturday,23
326,5113006,4818.62,Entertainment,2023-07-21,7,Friday,21
327,5065462,2684.91,Entertainment,2023-04-25,4,Tuesday,25
328,5058345,5433.15,Bills,2023-09-16,9,Saturday,16
329,5037008,3785.99,Bills,2023-10-01,10,Sunday,1
330,5090612,6501.87,Travel,2023-08-07,8,Monday,7
331,5024527,4470.39,Travel,2023-09-25,9,Monday,25
332,5037254,2553.18,Unknown,2023-02-26,2,Sunday,26
333,5146114,5996.55,Bills,2023-04-12,4,Wednesday,12
334,5041273,7433.12,Entertainment,2023-03-06,3,Monday,6
335,5118225,9505.14,Food,2023-03-22,3,Wednesday,22
336,5056077,2203.58,Entertainment,2023-06-05,6,Monday,5
337,5146410,3948.75,Travel,2023-12-10,12,Sunday,10
338,5033884,4113.45,Food,2023-06-13,6,Tuesday,13
340,5023092,3124.46,Food,2023-09-15,9,Friday,15
341,5145965,4729.7,Travel,2023-07-19,7,Wednesday,19
343,5074705,5225.81,Bills,2023-10-10,10,Tuesday,10
344,5048478,4867.96,Bills,2023-05-11,5,Thursday,11
345,5079075,9557.11,Bills,2023-11-14,11,Tuesday,14
346,5117095,9753.85,Shopping,2023-06-19,6,Monday,19
347,5105466,381.76,Food,2023-05-28,5,Sunday,28
348,5028726,6751.78,Bills,2023-08-08,8,Tuesday,8
349,5024592,2281.23,Unknown,2023-05-04,5,Thursday,4
350,5062294,1314.2,Bills,2023-10-18,10,Wednesday,18
351,5024033,7750.29,Food,2023-03-29,3,Wednesday,29
352,5069216,5207.3,Food,2023-12-17,12,Sunday,17
353,5092021,2970.04,Shopping,2023-03-29,3,Wednesday,29
354,5062214,966.39,Food,2023-12-10,12,Sunday,10
355,5067262,7557.47,Entertainment,2023-04-18,4,Tuesday,18
356,5116613,8757.96,Travel,2023-06-07,6,Wednesday,7
357,5033797,5974.78,Food,2023-10-02,10,Monday,2
358,5052739,192.93,Food,2023-08-03,8,Thursday,3
360,5112652,1881.14,Food,2023-01-04,1,Wednesday,4
361,5037254,1268.51,Shopping,2023-09-21,9,Thursday,21
362,5097170,4436.6,Shopping,2023-10-04,10,Wednesday,4
363,5024586,7185.03,Bills,2023-12-27,12,Wednesday,27
364,5096059,6363.55,Bills,2023-06-05,6,Monday,5
365,5066915,4319.95,Travel,2023-10-03,10,Tuesday,3
366,5114354,607.05,Food,2023-12-28,12,Thursday,28
367,5145964,2919.89,Bills,2023-04-06,4,Thursday,6
368,5022243,4528.62,Entertainment,2023-04-11,4,Tuesday,11
369,5116005,2095.81,Unknown,2023-09-08,9,Friday,8
371,5111159,2773.68,Travel,2023-06-09,6,Friday,9
372,5105556,196.52,Travel,2023-08-10,8,Thursday,10
373,5068262,3644.13,Unknown,2023-06-30,6,Friday,30
374,5058286,4109.41,Entertainment,2023-04-28,4,Friday,28
375,5025791,4195.8,Entertainment,2023-04-09,4,Sunday,9
377,5054625,1358.86,Food,2023-08-06,8,Sunday,6
378,5132784,7005.13,Unknown,2023-11-19,11,Sunday,19
379,5125775,6002.22,Entertainment,2023-09-23,9,Saturday,23
380,5150221,9643.68,Bills,2023-11-20,11,Monday,20
381,5045917,4979.65,Travel,2023-10-20,10,Friday,20
382,5067419,8558.12,Food,2023-01-16,1,Monday,16
383,5023186,9456.3,Food,2023-06-27,6,Tuesday,27
384,5142248,3981.22,Shopping,2023-04-15,4,Saturday,15
385,5149834,1506.27,Travel,2023-02-01,2,Wednesday,1
386,5142691,5854.33,Unknown,2023-07-27,7,Thursday,27
387,5024604,6397.61,Bills,2023-09-02,9,Saturday,2
388,5090995,7656.53,Bills,2023-05-19,5,Friday,19
389,5139548,59.63,Travel,2023-12-16,12,Saturday,16
390,5143353,6965.71,Bills,2023-12-14,12,Thursday,14
391,5061207,8395.55,Shopping,2023-01-03,1,Tuesday,3
392,5046362,263.66,Entertainment,2023-09-09,9,Saturday,9
393,5115679,5180.48,Entertainment,2023-09-14,9,Thursday,14
394,5029725,4857.32,Shopping,2023-12-22,12,Friday,22
395,5046362,3906.87,Bills,2023-11-26,11,Sunday,26
396,5143573,6473.84,Unknown,2023-05-11,5,Thursday,11
397,5113539,5067.48,Shopping,2023-12-20,12,Wednesday,20
398,5028737,8521.75,Shopping,2023-12-04,12,Monday,4
399,5137187,9882.87,Travel,2023-08-16,8,Wednesday,16
400,5048300,3148.34,Unknown,2023-05-21,5,Sunday,21
401,5058345,9808.46,Travel,2023-06-01,6,Thursday,1
402,5090861,1143.11,Unknown,2023-02-12,2,Sunday,12
403,5091016,7955.84,Unknown,2023-09-06,9,Wednesday,6
404,5067653,7176.31,Bills,2023-06-09,6,Friday,9
406,5148812,5256.93,Travel,2023-04-23,4,Sunday,23
407,5023914,8984.49,Entertainment,2023-08-31,8,Thursday,31
408,5079075,7153.98,Entertainment,2023-10-11,10,Wednesday,11
409,5087538,226.92,Bills,2023-09-19,9,Tuesday,19
410,5150047,4216.73,Shopping,2023-07-22,7,Saturday,22
411,5061340,5129.12,Entertainment,2023-08-19,8,Saturday,19
412,5021430,8405.21,Unknown,2023-11-22,11,Wednesday,22
413,5041522,3833.88,Entertainment,2023-09-05,9,Tuesday,5
414,5050793,2397.63,Bills,2023-04-11,4,Tuesday,11
415,5022189,7428.9,Entertainment,2023-07-17,7,Monday,17
416,5010185,8999.21,Unknown,2023-08-17,8,Thursday,17
417,5061246,4426.06,Shopping,2023-05-26,5,Friday,26
418,5045113,2614.94,Shopping,2023-03-24,3,Friday,24
419,5065335,111.73,Bills,2023-07-25,7,Tuesday,25
420,5092164,3032.3,Bills,2023-10-05,10,Thursday,5
421,5146005,5342.27,Bills,2023-03-16,3,Thursday,16
422,5125761,9450.21,Food,2023-06-03,6,Saturday,3
423,5045614,1327.43,Food,2023-09-07,9,Thursday,7
424,5090954,93.86,Bills,2023-01-04,1,Wednesday,4
425,5078924,6808.27,Entertainment,2023-11-17,11,Friday,17
426,5132340,3280.76,Food,2023-04-10,4,Monday,10
427,5052811,5660.24,Bills,2023-05-06,5,Saturday,6
428,5146318,7417.04,Shopping,2023-12-22,12,Friday,22
429,5139729,9234.2,Bills,2023-07-14,7,Friday,14
430,5037247,7853.53,Bills,2023-11-25,11,Saturday,25
431,5009744,3296.51,Shopping,2023-03-03,3,Friday,3
432,5051187,5953.2,Bills,2023-02-09,2,Thursday,9
433,5116005,9538.66,Food,2023-03-04,3,Saturday,4
434,5100464,3047.79,Shopping,2023-12-12,12,Tuesday,12
435,5088699,2537.89,Food,2023-02-14,2,Tuesday,14
436,5125716,1523.48,Travel,2023-02-08,2,Wednesday,8
437,5024049,7977.65,Travel,2023-08-10,8,Thursday,10
438,5115984,7734.26,Shopping,2023-04-14,4,Friday,14
439,5021879,1730.22,Travel,2023-07-31,7,Monday,31
440,5135574,716.11,Bills,2023-11-25,11,Saturday,25
441,5069028,6693.64,Entertainment,2023-06-22,6,Thursday,22
442,5145817,6093.76,Entertainment,2023-06-27,6,Tuesday,27
443,5050724,6275.31,Entertainment,2023-01-05,1,Thursday,5
444,5091771,3549.96,Travel,2023-06-08,6,Thursday,8
445,5050853,6067.9,Food,2023-03-28,3,Tuesday,28
446,5053610,8253.35,Travel,2023-05-19,5,Friday,19
447,5061253,729.95,Travel,2023-02-23,2,Thursday,23
448,5009195,7399.02,Bills,2023-08-27,8,Sunday,27
451,5022930,2299.53,Entertainment,2023-04-29,4,Saturday,29
452,5067016,4595.67,Food,2023-05-06,5,Saturday,6
453,5143560,1322.97,Travel,2023-06-26,6,Monday,26
455,5037088,5440.34,Entertainment,2023-04-28,4,Friday,28
456,5125235,2809.47,Travel,2023-04-11,4,Tuesday,11
457,5090954,5284.65,Travel,2023-06-02,6,Friday,2
458,5024666,8448.46,Food,2023-03-21,3,Tuesday,21
459,5065705,4947.9,Entertainment,2023-01-06,1,Friday,6
460,5067924,6042.48,Entertainment,2023-10-09,10,Monday,9
461,5142118,7945.74,Shopping,2023-03-08,3,Wednesday,8
462,5113159,4736.75,Shopping,2023-01-24,1,Tuesday,24
463,5022954,3004.53,Bills,2023-11-28,11,Tuesday,28
464,5065798,4412.47,Entertainment,2023-04-13,4,Thursday,13
465,5139859,4662.1,Unknown,2023-10-01,10,Sunday,1
466,5079057,1600.92,Travel,2023-07-12,7,Wednesday,12
467,5041869,4222.72,Entertainment,2023-04-16,4,Sunday,16
468,5135531,6027.18,Shopping,2023-07-20,7,Thursday,20
469,5095324,4012.52,Bills,2023-11-28,11,Tuesday,28
470,5068324,4002.58,Travel,2023-07-16,7,Sunday,16
471,5010225,7772.96,Bills,2023-11-12,11,Sunday,12
473,5061896,2749.28,Bills,2023-10-04,10,Wednesday,4
474,5069307,5077.61,Bills,2023-11-01,11,Wednesday,1
475,5088055,3938.38,Shopping,2023-12-02,12,Saturday,2
476,5061253,8432.43,Food,2023-08-01,8,Tuesday,1
477,5088433,3128.03,Entertainment,2023-06-06,6,Tuesday,6
478,5018503,2969.63,Travel,2023-08-16,8,Wednesday,16
479,5010203,8301.27,Food,2023-03-29,3,Wednesday,29
480,5142529,465.4,Unknown,2023-11-29,11,Wednesday,29
481,5024263,9409.16,Unknown,2023-04-19,4,Wednesday,19
482,5113556,1856.35,Food,2023-04-07,4,Friday,7
483,5046086,3605.01,Entertainment,2023-12-07,12,Thursday,7
484,5010202,2927.38,Food,2023-02-10,2,Friday,10
487,5096336,6332.75,Travel,2023-05-02,5,Tuesday,2
488,5023410,7462.32,Unknown,2023-01-23,1,Monday,23
489,5054775,4207.18,Bills,2023-10-15,10,Sunday,15
490,5097065,5487.36,Shopping,2023-04-19,4,Wednesday,19
491,5135378,4366.43,Food,2023-08-10,8,Thursday,10
493,5136909,6325.33,Unknown,2023-05-10,5,Wednesday,10
494,5067638,4999.54,Travel,2023-02-27,2,Monday,27
495,5048425,8625.26,Entertainment,2023-11-01,11,Wednesday,1
496,5018503,1764.1,Shopping,2023-07-10,7,Monday,10
497,5045070,4472.59,Shopping,2023-04-06,4,Thursday,6
498,5038814,5084.81,Food,2023-10-22,10,Sunday,22
499,5146167,9466.66,Entertainment,2023-12-22,12,Friday,22
500,5105565,4096.85,Food,2023-03-11,3,Saturday,11
501,5116343,1052.46,Shopping,2023-08-06,8,Sunday,6
503,5062525,8191.83,Bills,2023-11-12,11,Sunday,12
504,5115610,2559.53,Bills,2023-08-07,8,Monday,7
505,5117561,9921.41,Entertainment,2023-01-15,1,Sunday,15
506,5045850,9334.32,Travel,2023-04-20,4,Thursday,20
507,5117698,5490.21,Bills,2023-09-07,9,Thursday,7
508,5029529,3329.87,Entertainment,2023-03-02,3,Thursday,2
509,5022136,6007.21,Entertainment,2023-04-28,4,Friday,28
510,5010172,6839.47,Entertainment,2023-07-04,7,Tuesday,4
511,5024096,5628.14,Food,2023-06-24,6,Saturday,24
512,5090415,8563.37,Entertainment,2023-09-19,9,Tuesday,19
513,5135489,7110.12,Shopping,2023-04-11,4,Tuesday,11
514,5100133,1236.08,Entertainment,2023-09-21,9,Thursday,21
515,5045113,1648.36,Entertainment,2023-06-27,6,Tuesday,27
516,5116817,5809.69,Bills,2023-07-16,7,Sunday,16
517,5096785,5056.28,Food,2023-03-02,3,Thursday,2
518,5104945,5683.29,Entertainment,2023-08-21,8,Monday,21
519,5112652,4000.58,Food,2023-07-12,7,Wednesday,12
520,5050768,487.78,Travel,2023-08-06,8,Sunday,6
521,5023261,4444.07,Unknown,2023-09-20,9,Wednesday,20
522,5009586,7722.77,Travel,2023-05-08,5,Monday,8
523,5105227,6700.27,Unknown,2023-01-19,1,Thursday,19
524,5067730,5861.98,Shopping,2023-05-12,5,Friday,12
525,5100430,4310.46,Bills,2023-09-18,9,Monday,18
526,5117392,5681.63,Entertainment,2023-11-08,11,Wednesday,8
527,5009301,5935.0,Shopping,2023-07-13,7,Thursday,13
528,5038723,3959.78,Shopping,2023-11-25,11,Saturday,25
529,5142763,1772.39,Food,2023-06-07,6,Wednesday,7
530,5035418,5763.37,Entertainment,2023-05-16,5,Tuesday,16
531,5113639,1530.66,Entertainment,2023-05-30,5,Tuesday,30
532,5115662,6357.96,Entertainment,2023-12-14,12,Thursday,14
533,5146429,6313.63,Unknown,2023-10-13,10,Friday,13
534,5037202,5035.22,Bills,2023-08-06,8,Sunday,6
535,5029529,2058.62,Travel,2023-08-31,8,Thursday,31
536,5089240,7402.55,Bills,2023-01-27,1,Friday,27
537,5105743,8211.23,Bills,2023-02-03,2,Friday,3
538,5105743,4455.1,Entertainment,2023-01-10,1,Tuesday,10
539,5118115,424.84,Food,2023-06-06,6,Tuesday,6
540,5085886,9754.24,Travel,2023-09-16,9,Saturday,16
541,5067729,1491.21,Food,2023-10-11,10,Wednesday,11
542,5023527,6232.29,Bills,2023-11-09,11,Thursday,9
543,5142547,7655.99,Bills,2023-02-25,2,Saturday,25
544,5023092,7286.91,Bills,2023-09-15,9,Friday,15
545,5079127,8578.71,Food,2023-05-24,5,Wednesday,24
546,5041320,8644.49,Unknown,2023-04-28,4,Friday,28
547,5148732,9557.22,Bills,2023-08-09,8,Wednesday,9
548,5052620,3071.74,Food,2023-04-30,4,Sunday,30
549,5048542,2431.9,Bills,2023-08-29,8,Tuesday,29
550,5061321,9357.3,Food,2023-01-17,1,Tuesday,17
551,5089736,3881.2,Bills,2023-12-16,12,Saturday,16
552,5096336,3707.44,Bills,2023-06-22,6,Thursday,22
553,5112737,8464.62,Food,2023-08-17,8,Thursday,17
554,5148525,6244.25,Bills,2023-12-27,12,Wednesday,27
555,5105878,5939.89,Food,2023-03-14,3,Tuesday,14
556,5137033,8148.64,Travel,2023-01-13,1,Friday,13
557,5023147,2043.97,Food,2023-10-28,10,Saturday,28
558,5148573,3620.1,Entertainment,2023-10-19,10,Thursday,19
559,5025161,6834.94,Bills,2023-05-01,5,Monday,1
560,5068631,7246.17,Bills,2023-12-07,12,Thursday,7
561,5033659,6621.14,Food,2023-05-19,5,Friday,19
562,5045513,6319.24,Shopping,2023-11-07,11,Tuesday,7
563,5105555,7975.74,Food,2023-11-19,11,Sunday,19
564,5125816,1383.92,Bills,2023-12-09,12,Saturday,9
565,5062713,2016.07,Unknown,2023-09-16,9,Saturday,16
566,5009472,9820.41,Shopping,2023-05-27,5,Saturday,27
567,5025020,1870.29,Travel,2023-07-17,7,Monday,17
568,5021445,5488.43,Entertainment,2023-08-25,8,Friday,25
569,5091006,4775.96,Entertainment,2023-03-23,3,Thursday,23
570,5022730,4747.75,Unknown,2023-07-31,7,Monday,31
572,5105227,5972.67,Bills,2023-08-26,8,Saturday,26
573,5143515,4009.02,Unknown,2023-07-20,7,Thursday,20
574,5029184,1395.71,Food,2023-12-23,12,Saturday,23
575,5045742,2806.0,Bills,2023-10-11,10,Wednesday,11
576,5062670,9261.2,Unknown,2023-01-21,1,Saturday,21
577,5050768,7349.0,Food,2023-04-09,4,Sunday,9
578,5142579,735.83,Bills,2023-03-08,3,Wednesday,8
579,5028468,8642.16,Bills,2023-10-29,10,Sunday,29
580,5068310,8496.27,Travel,2023-01-09,1,Monday,9
581,5028990,5655.04,Food,2023-08-20,8,Sunday,20
582,5041980,1713.05,Bills,2023-04-08,4,Saturday,8
583,5022015,1552.12,Entertainment,2023-02-25,2,Saturday,25
584,5021303,1809.05,Unknown,2023-02-07,2,Tuesday,7
585,5061832,7502.92,Food,2023-04-06,4,Thursday,6
586,5105715,6624.68,Travel,2023-02-18,2,Saturday,18
587,5116613,9054.89,Bills,2023-02-21,2,Tuesday,21
588,5125203,2165.33,Shopping,2023-02-03,2,Friday,3
589,5069292,6354.22,Shopping,2023-09-22,9,Friday,22
590,5069199,8791.97,Entertainment,2023-10-16,10,Monday,16
592,5093248,6108.26,Bills,2023-09-13,9,Wednesday,13
593,5021775,4488.05,Shopping,2023-05-25,5,Thursday,25
594,5143362,1352.54,Travel,2023-06-11,6,Sunday,11
595,5090705,5185.91,Shopping,2023-11-10,11,Friday,10
596,5091792,8300.42,Unknown,2023-12-24,12,Sunday,24
597,5091101,690.78,Unknown,2023-12-20,12,Wednesday,20
599,5125478,725.45,Travel,2023-06-28,6,Wednesday,28
600,5097065,7955.04,Unknown,2023-05-17,5,Wednesday,17
601,5092242,7275.05,Unknown,2023-12-04,12,Monday,4
602,5024352,4046.77,Travel,2023-05-08,5,Monday,8
603,5068811,9348.69,Food,2023-11-14,11,Tuesday,14
604,5146079,2878.68,Shopping,2023-08-03,8,Thursday,3
605,5023914,9290.5,Bills,2023-05-31,5,Wednesday,31
606,5135574,6401.17,Entertainment,2023-01-20,1,Friday,20
607,5090470,8497.77,Bills,2023-09-15,9,Friday,15
608,5068631,6767.4,Shopping,2023-08-14,8,Monday,14
609,5050756,1780.97,Entertainment,2023-04-18,4,Tuesday,18
610,5033514,4075.66,Unknown,2023-07-21,7,Friday,21
611,5146123,7119.24,Entertainment,2023-10-12,10,Thursday,12
612,5054460,5485.57,Entertainment,2023-05-23,5,Tuesday,23
613,5125716,5626.45,Food,2023-12-26,12,Tuesday,26
614,5111178,4091.69,Entertainment,2023-09-11,9,Monday,11
616,5095310,7583.85,Bills,2023-06-17,6,Saturday,17
617,5046083,5822.02,Travel,2023-06-11,6,Sunday,11
619,5024258,5191.62,Bills,2023-12-15,12,Friday,15
620,5023816,3709.77,Food,2023-03-18,3,Saturday,18
621,5135779,2095.91,Shopping,2023-05-23,5,Tuesday,23
622,5105045,1457.01,Food,2023-02-03,2,Friday,3
623,5061145,2249.01,Shopping,2023-06-28,6,Wednesday,28
624,5090126,693.05,Shopping,2023-12-23,12,Saturday,23
625,5090925,5094.66,Unknown,2023-09-01,9,Friday,1
626,5061161,6206.92,Bills,2023-10-31,10,Tuesday,31
627,5038845,5889.82,Unknown,2023-09-26,9,Tuesday,26
628,5009821,1956.51,Shopping,2023-10-05,10,Thursday,5
629,5105069,2016.81,Food,2023-06-25,6,Sunday,25
630,5029352,539.26,Entertainment,2023-02-25,2,Saturday,25
631,5069307,5766.75,Bills,2023-12-27,12,Wednesday,27
632,5068465,7613.64,Food,2023-03-18,3,Saturday,18
633,5009053,5037.69,Bills,2023-06-05,6,Monday,5
634,5095586,6902.36,Shopping,2023-07-12,7,Wednesday,12
635,5146401,3318.59,Bills,2023-11-23,11,Thursday,23
636,5146086,8777.26,Bills,2023-06-19,6,Monday,19
637,5038582,2221.72,Bills,2023-10-23,10,Monday,23
639,5023280,432.1,Entertainment,2023-09-16,9,Saturday,16
641,5022930,3712.58,Food,2023-04-16,4,Sunday,16
642,5125462,7940.65,Bills,2023-10-31,10,Tuesday,31
643,5091880,3124.78,Entertainment,2023-02-15,2,Wednesday,15
644,5100106,817.41,Shopping,2023-02-03,2,Friday,3
645,5125928,7150.75,Unknown,2023-01-19,1,Thursday,19
646,5028909,9905.62,Travel,2023-03-05,3,Sunday,5
647,5145817,7150.41,Travel,2023-06-07,6,Wednesday,7
648,5113621,6369.82,Entertainment,2023-06-23,6,Friday,23
649,5099948,5956.56,Travel,2023-11-09,11,Thursday,9
650,5008827,7947.33,Food,2023-01-07,1,Saturday,7
651,5149413,8902.92,Bills,2023-08-04,8,Friday,4
652,5088279,2001.06,Bills,2023-05-27,5,Saturday,27
653,5010238,778.48,Entertainment,2023-03-15,3,Wednesday,15
654,5062594,3897.34,Bills,2023-02-11,2,Saturday,11
655,5111178,6457.31,Food,2023-02-27,2,Monday,27
656,5115921,1998.01,Entertainment,2023-11-29,11,Wednesday,29
657,5024071,4966.64,Travel,2023-05-23,5,Tuesday,23
658,5078931,3452.14,Bills,2023-01-29,1,Sunday,29
659,5018503,4312.85,Travel,2023-05-11,5,Thursday,11
660,5100133,2906.03,Bills,2023-02-05,2,Sunday,5
661,5114032,3146.99,Shopping,2023-03-13,3,Monday,13
662,5052952,1683.58,Travel,2023-10-05,10,Thursday,5
663,5044860,251.89,Entertainment,2023-01-28,1,Saturday,28
664,5046083,273.64,Travel,2023-08-21,8,Monday,21
665,5118275,9363.88,Travel,2023-05-27,5,Saturday,27
666,5028737,1539.36,Entertainment,2023-07-27,7,Thursday,27
667,5142248,5288.54,Bills,2023-08-22,8,Tuesday,22
668,5100098,5811.47,Food,2023-07-17,7,Monday,17
669,5010526,4465.4,Bills,2023-07-21,7,Friday,21
670,5149592,4950.07,Entertainment,2023-05-29,5,Monday,29
671,5046336,9211.67,Bills,2023-05-22,5,Monday,22
672,5033797,2406.55,Travel,2023-12-22,12,Friday,22
673,5105791,7989.73,Food,2023-02-04,2,Saturday,4
674,5137229,9170.53,Bills,2023-09-05,9,Tuesday,5
677,5054414,2206.15,Entertainment,2023-12-07,12,Thursday,7
678,5046283,3925.51,Bills,2023-01-22,1,Sunday,22
679,5022571,7765.87,Entertainment,2023-07-07,7,Friday,7
680,5021431,5502.76,Travel,2023-02-26,2,Sunday,26
681,5125289,4237.62,Food,2023-06-08,6,Thursday,8
682,5010025,1315.92,Bills,2023-05-07,5,Sunday,7
683,5068367,9364.57,Entertainment,2023-09-17,9,Sunday,17
684,5065477,4253.14,Unknown,2023-08-12,8,Saturday,12
686,5115610,1301.53,Bills,2023-07-09,7,Sunday,9
687,5148934,2003.36,Food,2023-08-01,8,Tuesday,1
688,5116302,640.61,Unknown,2023-09-13,9,Wednesday,13
689,5142599,9177.77,Food,2023-11-26,11,Sunday,26
690,5091651,2733.48,Travel,2023-08-10,8,Thursday,10
691,5095170,8839.05,Bills,2023-07-22,7,Saturday,22
692,5021775,2807.38,Entertainment,2023-10-02,10,Monday,2
693,5053678,5713.83,Travel,2023-07-03,7,Monday,3
694,5113302,7143.56,Unknown,2023-01-27,1,Friday,27
695,5050793,8131.23,Unknown,2023-06-24,6,Saturday,24
696,5068648,2573.42,Food,2023-12-23,12,Saturday,23
697,5137163,1339.63,Shopping,2023-11-09,11,Thursday,9
698,5095324,9894.21,Food,2023-11-05,11,Sunday,5
699,5113854,963.13,Entertainment,2023-08-05,8,Saturday,5
700,5096085,3066.49,Food,2023-05-24,5,Wednesday,24
701,5029152,8046.39,Travel,2023-08-15,8,Tuesday,15
702,5092239,5090.7,Unknown,2023-08-28,8,Monday,28
703,5125471,5460.34,Travel,2023-02-11,2,Saturday,11
704,5125716,8900.79,Entertainment,2023-03-01,3,Wednesday,1
705,5041355,9226.85,Bills,2023-01-17,1,Tuesday,17
706,5105150,5658.04,Bills,2023-03-07,3,Tuesday,7
707,5135484,8223.28,Unknown,2023-07-19,7,Wednesday,19
708,5067767,9470.25,Shopping,2023-11-24,11,Friday,24
709,5096424,8346.09,Travel,2023-07-06,7,Thursday,6
710,5023877,7571.26,Bills,2023-10-27,10,Friday,27
711,5029191,4272.25,Bills,2023-02-10,2,Friday,10
712,5048448,5857.81,Bills,2023-01-09,1,Monday,9
713,5041271,1696.7,Food,2023-09-24,9,Sunday,24
714,5125510,7877.94,Travel,2023-10-30,10,Monday,30
715,5118441,5904.35,Entertainment,2023-01-13,1,Friday,13
716,5041869,2177.19,Travel,2023-02-22,2,Wednesday,22
717,5062011,1483.96,Shopping,2023-05-10,5,Wednesday,10
718,5105422,5171.94,Travel,2023-04-03,4,Monday,3
719,5069307,5100.32,Entertainment,2023-10-17,10,Tuesday,17
720,5137033,7517.64,Unknown,2023-01-19,1,Thursday,19
721,5117622,7515.55,Travel,2023-01-05,1,Thursday,5
722,5079057,1869.49,Unknown,2023-12-23,12,Saturday,23
723,5023177,4192.77,Entertainment,2023-03-02,3,Thursday,2
724,5069199,6173.97,Travel,2023-01-03,1,Tuesday,3
725,5097024,3567.9,Shopping,2023-05-27,5,Saturday,27
726,5045113,4854.57,Shopping,2023-10-25,10,Wednesday,25
727,5065820,3016.12,Bills,2023-07-26,7,Wednesday,26
728,5041535,9573.94,Food,2023-08-16,8,Wednesday,16
729,5061321,4582.68,Travel,2023-08-05,8,Saturday,5
730,5045380,1436.05,Shopping,2023-07-08,7,Saturday,8
731,5056149,1826.76,Travel,2023-10-06,10,Friday,6
732,5061161,1467.12,Unknown,2023-09-15,9,Friday,15
733,5065462,3049.09,Food,2023-10-17,10,Tuesday,17
734,5149887,362.79,Bills,2023-05-31,5,Wednesday,31
735,5053592,9655.2,Travel,2023-08-23,8,Wednesday,23
736,5042286,3271.93,Unknown,2023-05-12,5,Friday,12
737,5099914,491.96,Travel,2023-04-05,4,Wednesday,5
738,5024258,7787.86,Shopping,2023-05-04,5,Thursday,4
739,5068888,6664.22,Bills,2023-08-28,8,Monday,28
740,5114438,7647.07,Bills,2023-05-23,5,Tuesday,23
741,5149592,1084.34,Bills,2023-05-19,5,Friday,19
742,5029348,8332.24,Shopping,2023-01-13,1,Friday,13
743,5096059,8504.07,Food,2023-11-02,11,Thursday,2
745,5058281,9641.95,Travel,2023-12-11,12,Monday,11
746,5044669,5226.68,Travel,2023-08-24,8,Thursday,24
747,5118283,5512.48,Unknown,2023-07-08,7,Saturday,8
748,5100106,6147.31,Travel,2023-07-04,7,Tuesday,4
749,5067102,5583.35,Shopping,2023-12-27,12,Wednesday,27
750,5048642,6660.23,Entertainment,2023-02-04,2,Saturday,4
751,5053117,4928.21,Unknown,2023-08-02,8,Wednesday,2
752,5113861,7991.66,Bills,2023-03-16,3,Thursday,16
753,5046379,7591.91,Bills,2023-10-12,10,Thursday,12
754,5067299,3667.6,Entertainment,2023-06-18,6,Sunday,18
755,5028907,2348.74,Bills,2023-07-19,7,Wednesday,19
756,5024925,4230.12,Shopping,2023-10-21,10,Saturday,21
757,5091651,7035.34,Entertainment,2023-03-22,3,Wednesday,22
758,5100430,681.61,Bills,2023-03-06,3,Monday,6
759,5023231,8932.23,Entertainment,2023-06-19,6,Monday,19
760,5021584,3642.82,Unknown,2023-04-01,4,Saturday,1
761,5053790,6022.51,Unknown,2023-10-28,10,Saturday,28
762,5146167,7581.36,Bills,2023-01-25,1,Wednesday,25
763,5096621,1036.61,Entertainment,2023-03-27,3,Monday,27
764,5117413,3511.85,Unknown,2023-05-18,5,Thursday,18
765,5021490,1757.25,Bills,2023-03-05,3,Sunday,5
766,5117323,2700.37,Travel,2023-05-29,5,Monday,29
767,5145964,5362.32,Entertainment,2023-09-04,9,Monday,4
768,5009118,5722.9,Entertainment,2023-05-05,5,Friday,5
769,5125708,9923.64,Food,2023-05-28,5,Sunday,28
770,5068523,2691.51,Food,2023-08-19,8,Saturday,19
771,5125289,4858.85,Unknown,2023-05-26,5,Friday,26
772,5118541,4748.6,Food,2023-07-14,7,Friday,14
773,5041675,5604.23,Travel,2023-04-02,4,Sunday,2
774,5112662,2895.94,Bills,2023-05-31,5,Wednesday,31
775,5054058,807.07,Food,2023-11-26,11,Sunday,26
776,5048300,6137.49,Unknown,2023-08-08,8,Tuesday,8
777,5023209,9501.48,Food,2023-09-26,9,Tuesday,26
778,5125399,2196.32,Bills,2023-05-21,5,Sunday,21
779,5139892,437.96,Bills,2023-04-29,4,Saturday,29
780,5143342,2871.95,Unknown,2023-07-24,7,Monday,24
781,5053152,438.13,Food,2023-08-29,8,Tuesday,29
782,5023089,9964.91,Travel,2023-10-30,10,Monday,30
784,5125478,176.46,Food,2023-12-03,12,Sunday,3
785,5142456,3385.69,Food,2023-09-29,9,Friday,29
786,5118026,2283.9,Shopping,2023-12-03,12,Sunday,3
788,5115894,2113.27,Travel,2023-07-30,7,Sunday,30
789,5142239,6270.08,Entertainment,2023-03-23,3,Thursday,23
790,5142547,768.28,Bills,2023-01-27,1,Friday,27
791,5010303,3926.94,Entertainment,2023-02-25,2,Saturday,25
792,5065820,2644.05,Bills,2023-10-18,10,Wednesday,18
793,5068712,4605.14,Shopping,2023-07-29,7,Saturday,29
794,5054699,3965.4,Bills,2023-06-28,6,Wednesday,28
795,5061076,4063.28,Travel,2023-08-18,8,Friday,18
796,5142185,4105.1,Shopping,2023-08-21,8,Monday,21
797,5125235,6106.5,Food,2023-11-02,11,Thursday,2
798,5142248,1928.35,Travel,2023-04-14,4,Friday,14
799,5068671,9688.02,Bills,2023-05-13,5,Saturday,13
800,5132569,6839.25,Shopping,2023-07-07,7,Friday,7
801,5089896,4193.08,Entertainment,2023-02-04,2,Saturday,4
802,5095896,7658.88,Entertainment,2023-06-18,6,Sunday,18
803,5054228,5653.26,Bills,2023-08-15,8,Tuesday,15
804,5126311,1613.4,Shopping,2023-01-07,1,Saturday,7
806,5022189,605.34,Bills,2023-05-17,5,Wednesday,17
807,5142899,8213.21,Unknown,2023-09-25,9,Monday,25
808,5067729,2246.43,Entertainment,2023-01-07,1,Saturday,7
809,5046036,8578.12,Entertainment,2023-04-26,4,Wednesday,26
810,5062407,8448.2,Food,2023-09-17,9,Sunday,17
812,5041522,3367.83,Travel,2023-05-02,5,Tuesday,2
813,5041307,1286.2,Travel,2023-01-20,1,Friday,20
814,5087829,7309.82,Unknown,2023-04-21,4,Friday,21
815,5125816,8869.43,Bills,2023-07-07,7,Friday,7
816,5033814,7868.54,Travel,2023-08-14,8,Monday,14
817,5143175,5715.87,Bills,2023-01-12,1,Thursday,12
818,5010203,4572.18,Bills,2023-08-08,8,Tuesday,8
819,5021445,5835.67,Travel,2023-02-24,2,Friday,24
820,5113922,2872.6,Bills,2023-01-06,1,Friday,6
821,5068340,7014.07,Food,2023-03-26,3,Sunday,26
823,5067696,8543.77,Unknown,2023-06-13,6,Tuesday,13
824,5033500,1957.17,Unknown,2023-11-19,11,Sunday,19
825,5113057,9239.08,Travel,2023-03-24,3,Friday,24
826,5068712,3280.18,Unknown,2023-07-11,7,Tuesday,11
827,5113639,5883.88,Food,2023-07-13,7,Thursday,13
828,5089737,3618.0,Travel,2023-04-29,4,Saturday,29
829,5061611,2988.19,Food,2023-04-09,4,Sunday,9
830,5022047,8478.63,Unknown,2023-09-26,9,Tuesday,26
831,5137542,6939.57,Entertainment,2023-10-05,10,Thursday,5
832,5139553,4929.95,Shopping,2023-02-22,2,Wednesday,22
833,5023563,6599.74,Food,2023-06-11,6,Sunday,11
834,5010596,1075.95,Bills,2023-03-23,3,Thursday,23
835,5114294,4368.37,Travel,2023-01-22,1,Sunday,22
836,5117392,2326.64,Travel,2023-02-19,2,Sunday,19
837,5091006,1309.58,Food,2023-01-11,1,Wednesday,11
838,5143319,2006.04,Food,2023-10-08,10,Sunday,8
839,5085861,9612.57,Bills,2023-12-17,12,Sunday,17
840,5112738,8421.67,Bills,2023-09-06,9,Wednesday,6
841,5142136,6293.05,Unknown,2023-04-15,4,Saturday,15
842,5095586,9681.21,Shopping,2023-10-13,10,Friday,13
843,5054097,6305.19,Travel,2023-11-25,11,Saturday,25
844,5145970,4959.04,Bills,2023-12-08,12,Friday,8
846,5053941,2126.36,Bills,2023-02-04,2,Saturday,4
847,5041535,4326.18,Food,2023-02-26,2,Sunday,26
848,5010202,2539.91,Travel,2023-09-22,9,Friday,22
849,5053610,7112.98,Shopping,2023-05-23,5,Tuesday,23
850,5088699,6733.88,Shopping,2023-03-09,3,Thursday,9
851,5054407,2443.51,Entertainment,2023-02-27,2,Monday,27
852,5069007,1800.26,Food,2023-07-31,7,Monday,31
853,5009739,3848.24,Bills,2023-01-05,1,Thursday,5
854,5148535,2877.33,Food,2023-05-26,5,Friday,26
855,5022189,9036.33,Food,2023-01-28,1,Saturday,28
856,5046003,4551.9,Travel,2023-10-21,10,Saturday,21
858,5068631,5225.61,Entertainment,2023-03-31,3,Friday,31
859,5091894,7795.93,Entertainment,2023-04-16,4,Sunday,16
860,5091374,224.79,Food,2023-07-18,7,Tuesday,18
861,5018498,4998.55,Travel,2023-04-17,4,Monday,17
862,5044860,5672.85,Food,2023-01-22,1,Sunday,22
864,5054068,925.58,Bills,2023-11-18,11,Saturday,18
865,5054384,5986.25,Travel,2023-02-14,2,Tuesday,14
867,5068651,2156.01,Travel,2023-09-27,9,Wednesday,27
868,5022041,2060.51,Food,2023-05-06,5,Saturday,6
869,5089497,4964.81,Food,2023-08-23,8,Wednesday,23
870,5142815,416.09,Food,2023-08-27,8,Sunday,27
871,5036474,8294.25,Entertainment,2023-06-29,6,Thursday,29
872,5142815,7488.35,Travel,2023-08-09,8,Wednesday,9
874,5089959,8912.21,Food,2023-07-11,7,Tuesday,11
875,5029108,480.26,Entertainment,2023-01-09,1,Monday,9
876,5033814,5009.14,Travel,2023-05-02,5,Tuesday,2
877,5048301,7752.04,Travel,2023-12-03,12,Sunday,3
878,5096528,4187.27,Travel,2023-03-19,3,Sunday,19
879,5053182,6700.88,Entertainment,2023-05-20,5,Saturday,20
880,5028615,885.67,Bills,2023-06-02,6,Friday,2
882,5095324,2435.44,Entertainment,2023-10-24,10,Tuesday,24
883,5146463,6917.04,Travel,2023-11-27,11,Monday,27
884,5096785,6129.59,Bills,2023-05-28,5,Sunday,28
886,5028907,4636.72,Entertainment,2023-09-29,9,Friday,29
887,5087852,6167.18,Entertainment,2023-06-12,6,Monday,12
888,5143374,2640.32,Travel,2023-09-06,9,Wednesday,6
889,5061135,5485.12,Travel,2023-08-26,8,Saturday,26
890,5136909,7926.36,Travel,2023-08-18,8,Friday,18
891,5056149,3037.48,Unknown,2023-01-17,1,Tuesday,17
892,5112765,5398.4,Entertainment,2023-01-20,1,Friday,20
894,5054496,6025.18,Entertainment,2023-08-13,8,Sunday,13
895,5024527,945.12,Bills,2023-09-24,9,Sunday,24
896,5010218,9091.54,Unknown,2023-08-12,8,Saturday,12
897,5023914,5435.62,Entertainment,2023-05-06,5,Saturday,6
899,5114138,8548.57,Shopping,2023-01-01,1,Sunday,1
900,5135863,4940.41,Entertainment,2023-03-22,3,Wednesday,22
901,5105412,1496.04,Shopping,2023-08-12,8,Saturday,12
902,5113922,6778.9,Food,2023-03-02,3,Thursday,2
903,5113440,4203.15,Entertainment,2023-01-28,1,Saturday,28
904,5146534,2813.82,Food,2023-08-31,8,Thursday,31
905,5050482,388.96,Bills,2023-11-29,11,Wednesday,29
906,5023092,4644.85,Shopping,2023-04-11,4,Tuesday,11
907,5146472,342.0,Unknown,2023-11-19,11,Sunday,19
908,5117756,2396.81,Bills,2023-09-25,9,Monday,25
909,5009746,5577.04,Travel,2023-12-03,12,Sunday,3
910,5143360,5476.78,Bills,2023-04-29,4,Saturday,29
911,5052865,2252.1,Food,2023-06-25,6,Sunday,25
912,5104981,8810.48,Bills,2023-05-09,5,Tuesday,9
913,5113259,4682.24,Travel,2023-01-13,1,Friday,13
914,5028909,9843.04,Travel,2023-07-19,7,Wednesday,19
915,5048448,5467.05,Travel,2023-03-23,3,Thursday,23
916,5061246,6861.07,Entertainment,2023-05-01,5,Monday,1
917,5113401,829.6,Entertainment,2023-12-10,12,Sunday,10
918,5054097,8850.25,Travel,2023-07-16,7,Sunday,16
920,5097134,5319.71,Bills,2023-12-01,12,Friday,1
921,5010185,2028.11,Entertainment,2023-02-03,2,Friday,3
922,5033729,3927.01,Entertainment,2023-12-16,12,Saturday,16
923,5062362,3011.64,Travel,2023-02-13,2,Monday,13
924,5126543,4581.14,Bills,2023-07-10,7,Monday,10
925,5113922,5711.59,Entertainment,2023-08-28,8,Monday,28
926,5079004,8275.59,Unknown,2023-07-31,7,Monday,31
927,5118580,6462.46,Unknown,2023-03-07,3,Tuesday,7
928,5046324,4480.12,Travel,2023-11-19,11,Sunday,19
929,5105878,1043.51,Unknown,2023-05-25,5,Thursday,25
930,5008889,838.65,Travel,2023-09-04,9,Monday,4
931,5113556,1767.08,Travel,2023-01-14,1,Saturday,14
932,5029311,7734.61,Food,2023-04-21,4,Friday,21
933,5088853,8815.56,Travel,2023-11-10,11,Friday,10
934,5135474,4016.3,Travel,2023-05-29,5,Monday,29
935,5135485,401.38,Food,2023-02-17,2,Friday,17
938,5099914,1174.44,Food,2023-09-04,9,Monday,4
939,5010032,4677.0,Travel,2023-12-07,12,Thursday,7
940,5095310,4097.76,Travel,2023-05-03,5,Wednesday,3
941,5113163,2885.93,Food,2023-03-28,3,Tuesday,28
942,5149192,2390.14,Bills,2023-10-20,10,Friday,20
943,5085865,8503.41,Shopping,2023-02-21,2,Tuesday,21
944,5090861,1833.07,Food,2023-04-24,4,Monday,24
945,5142781,3895.23,Entertainment,2023-03-20,3,Monday,20
947,5046093,3465.85,Travel,2023-07-31,7,Monday,31
948,5117065,7946.99,Travel,2023-10-05,10,Thursday,5
949,5095751,2431.5,Travel,2023-11-28,11,Tuesday,28
951,5097134,6679.22,Entertainment,2023-09-25,9,Monday,25
952,5023692,7264.39,Food,2023-08-31,8,Thursday,31
953,5036828,980.49,Entertainment,2023-01-17,1,Tuesday,17
954,5143560,2389.27,Travel,2023-08-05,8,Saturday,5
955,5029194,2159.9,Bills,2023-01-07,1,Saturday,7
956,5068339,1307.03,Shopping,2023-09-05,9,Tuesday,5
957,5028990,1226.66,Travel,2023-03-30,3,Thursday,30
958,5099907,7661.16,Entertainment,2023-10-09,10,Monday,9
959,5029251,8522.63,Food,2023-02-05,2,Sunday,5
960,5046035,2400.44,Food,2023-09-24,9,Sunday,24
961,5068238,9447.25,Bills,2023-09-08,9,Friday,8
963,5044987,4197.57,Travel,2023-11-23,11,Thursday,23
964,5067242,9971.06,Travel,2023-05-07,5,Sunday,7
965,5113291,2865.05,Bills,2023-10-07,10,Saturday,7
966,5135946,2600.14,Entertainment,2023-08-19,8,Saturday,19
967,5068238,7272.95,Bills,2023-11-04,11,Saturday,4
968,5097105,2579.03,Shopping,2023-01-21,1,Saturday,21
969,5143314,1850.95,Travel,2023-08-22,8,Tuesday,22
970,5054188,8394.44,Shopping,2023-11-14,11,Tuesday,14
971,5117313,187.2,Unknown,2023-10-21,10,Saturday,21
972,5044478,1512.01,Travel,2023-04-06,4,Thursday,6
973,5126562,4565.0,Entertainment,2023-04-20,4,Thursday,20
974,5056237,2604.37,Food,2023-04-09,4,Sunday,9
975,5048583,1051.85,Bills,2023-08-30,8,Wednesday,30
976,5148732,9674.68,Shopping,2023-03-14,3,Tuesday,14
977,5142599,7225.64,Shopping,2023-09-14,9,Thursday,14
978,5143016,9748.2,Food,2024-01-01,1,Monday,1
980,5033608,1137.87,Entertainment,2023-02-28,2,Tuesday,28
981,5146318,4727.5,Unknown,2023-02-19,2,Sunday,19
982,5125172,4468.55,Food,2023-06-29,6,Thursday,29
983,5091718,7263.02,Food,2023-11-10,11,Friday,10
984,5041320,3015.29,Bills,2023-02-27,2,Monday,27
985,5117331,9415.41,Travel,2023-05-15,5,Monday,15
987,5053678,8406.21,Travel,2023-01-17,1,Tuesday,17
988,5149834,8064.28,Shopping,2023-07-15,7,Saturday,15
989,5045798,9033.87,Unknown,2023-03-14,3,Tuesday,14
990,5079127,8162.62,Travel,2023-12-29,12,Friday,29
991,5135345,292.33,Food,2023-12-15,12,Friday,15
992,5125761,4386.8,Bills,2023-06-20,6,Tuesday,20
993,5149834,9438.17,Travel,2023-06-09,6,Friday,9
995,5137247,2180.81,Entertainment,2023-12-12,12,Tuesday,12
996,5053646,7265.17,Entertainment,2023-08-28,8,Monday,28
997,5125317,4627.33,Entertainment,2023-08-26,8,Saturday,26
998,5069399,340.69,Unknown,2023-08-25,8,Friday,25
999,5041474,6897.75,Bills,2023-05-07,5,Sunday,7
1000,5146558,4898.31,Travel,2023-10-21,10,Saturday,21
1005,5018471,9042.44,Bills,2023-01-02,1,Monday,2
1006,5114630,9449.07,Food,2023-04-07,4,Friday,7
1007,5125277,3523.85,Entertainment,2023-05-19,5,Friday,19
1008,5065820,2691.12,Shopping,2023-01-22,1,Sunday,22
1009,5091753,5543.59,Bills,2023-07-07,7,Friday,7
1010,5149660,1079.29,Entertainment,2023-09-13,9,Wednesday,13
1011,5117022,6024.72,Travel,2023-02-26,2,Sunday,26
1012,5054099,3817.71,Bills,2023-08-22,8,Tuesday,22
1013,5022833,1193.45,Entertainment,2023-05-10,5,Wednesday,10
1014,5117313,5350.16,Unknown,2023-01-24,1,Tuesday,24
1015,5036996,6500.31,Bills,2023-12-30,12,Saturday,30
1016,5079167,6318.44,Entertainment,2023-09-12,9,Tuesday,12
1017,5116621,7698.1,Entertainment,2023-02-20,2,Monday,20
1018,5033729,1363.26,Travel,2023-11-29,11,Wednesday,29
1019,5033452,7717.02,Bills,2023-07-22,7,Saturday,22
1020,5045798,93.07,Entertainment,2023-09-12,9,Tuesday,12
1021,5142595,753.81,Shopping,2023-09-17,9,Sunday,17
1022,5021775,3954.84,Entertainment,2023-05-05,5,Friday,5
1023,5142972,2193.85,Unknown,2023-05-02,5,Tuesday,2
1024,5022730,4920.26,Entertainment,2023-06-04,6,Sunday,4
1025,5054384,3146.61,Entertainment,2023-11-03,11,Friday,3
1026,5116906,3333.77,Food,2023-06-18,6,Sunday,18
1027,5112975,8550.61,Food,2023-10-20,10,Friday,20
1028,5112662,2195.8,Travel,2023-05-24,5,Wednesday,24
1029,5092164,6425.19,Food,2023-01-21,1,Saturday,21
1030,5023781,9982.48,Food,2023-03-03,3,Friday,3
1031,5028919,3669.86,Bills,2023-03-31,3,Friday,31
1032,5022189,6015.24,Bills,2023-09-15,9,Friday,15
1033,5023831,2656.36,Bills,2023-07-17,7,Monday,17
1034,5044594,9969.85,Bills,2023-09-27,9,Wednesday,27
1035,5029423,3275.25,Bills,2023-08-20,8,Sunday,20
1037,5067019,6007.17,Bills,2023-12-09,12,Saturday,9
1038,5116343,1625.08,Food,2023-07-03,7,Monday,3
1039,5041739,2105.67,Food,2023-12-18,12,Monday,18
1040,5088205,1618.71,Bills,2023-09-09,9,Saturday,9
1041,5033714,2797.99,Unknown,2023-09-28,9,Thursday,28
1042,5067767,2707.95,Shopping,2023-01-05,1,Thursday,5
1043,5089269,7439.85,Shopping,2023-03-25,3,Saturday,25
1044,5142448,3446.51,Travel,2023-01-04,1,Wednesday,4
1046,5089658,9572.86,Bills,2023-02-12,2,Sunday,12
1047,5090701,3262.17,Food,2023-07-08,7,Saturday,8
1048,5054524,3834.4,Entertainment,2023-04-16,4,Sunday,16
1049,5100133,1298.32,Entertainment,2023-07-30,7,Sunday,30
1050,5009074,4384.31,Shopping,2023-04-03,4,Monday,3
1051,5092021,8041.86,Entertainment,2023-11-23,11,Thursday,23
1053,5068238,7308.73,Shopping,2023-01-24,1,Tuesday,24
1054,5065462,7898.11,Travel,2023-03-30,3,Thursday,30
1055,5132569,4595.45,Unknown,2023-01-31,1,Tuesday,31
1056,5115633,9517.55,Shopping,2023-01-21,1,Saturday,21
1057,5139823,9358.65,Food,2023-06-09,6,Friday,9
1058,5058530,944.42,Unknown,2023-12-25,12,Monday,25
1059,5113057,1846.8,Bills,2023-01-05,1,Thursday,5
1060,5022243,4307.29,Food,2023-08-20,8,Sunday,20
1061,5078805,2304.42,Entertainment,2023-08-14,8,Monday,14
1062,5135705,9315.76,Entertainment,2023-09-19,9,Tuesday,19
1063,5126562,2164.85,Unknown,2023-05-21,5,Sunday,21
1064,5145978,3414.98,Travel,2023-04-03,4,Monday,3
1065,5028572,3862.36,Shopping,2023-05-23,5,Tuesday,23
1066,5054699,2364.15,Entertainment,2023-05-20,5,Saturday,20
1067,5140074,3540.93,Entertainment,2023-10-09,10,Monday,9
1068,5114630,6661.76,Entertainment,2023-08-06,8,Sunday,6
1069,5146045,8579.36,Shopping,2023-09-09,9,Saturday,9
1070,5095514,2519.75,Travel,2023-10-25,10,Wednesday,25
1071,5025936,7174.73,Bills,2023-02-25,2,Saturday,25
1072,5086062,9661.98,Unknown,2023-07-06,7,Thursday,6
1073,5113374,5622.2,Entertainment,2023-10-18,10,Wednesday,18
1074,5023587,7225.36,Bills,2023-12-15,12,Friday,15
1075,5113259,3568.08,Travel,2023-06-06,6,Tuesday,6
1076,5067961,4036.07,Entertainment,2023-07-21,7,Friday,21
1077,5028569,708.72,Unknown,2023-01-10,1,Tuesday,10
1078,5116676,823.11,Bills,2023-07-18,7,Tuesday,18
1079,5117403,6908.56,Bills,2023-06-06,6,Tuesday,6
1080,5135487,6741.69,Food,2023-08-04,8,Friday,4
1081,5033916,3624.79,Travel,2023-05-13,5,Saturday,13
1083,5092245,4578.0,Entertainment,2023-08-18,8,Friday,18
1085,5053143,4215.27,Unknown,2023-09-24,9,Sunday,24
1086,5044669,3446.82,Bills,2023-11-10,11,Friday,10
1087,5028580,3466.89,Bills,2023-01-16,1,Monday,16
1088,5135344,6138.57,Travel,2023-10-04,10,Wednesday,4
1089,5022343,7793.68,Shopping,2023-12-28,12,Thursday,28
1090,5143560,5186.74,Entertainment,2023-08-24,8,Thursday,24
1091,5066879,226.68,Food,2023-12-23,12,Saturday,23
1092,5117698,2216.65,Food,2023-06-01,6,Thursday,1
1094,5054188,8541.28,Bills,2023-01-16,1,Monday,16
1095,5142459,3012.12,Unknown,2023-04-02,4,Sunday,2
1096,5024838,5061.19,Bills,2023-03-25,3,Saturday,25
1097,5024726,5516.09,Food,2023-01-31,1,Tuesday,31
1098,5045255,4742.61,Travel,2023-02-08,2,Wednesday,8
1099,5022954,1207.79,Bills,2023-09-07,9,Thursday,7
1100,5061896,9510.35,Food,2023-03-10,3,Friday,10
1101,5113171,5176.33,Food,2023-11-06,11,Monday,6
1102,5066915,9911.04,Food,2023-05-21,5,Sunday,21
1103,5142290,4897.07,Entertainment,2023-10-17,10,Tuesday,17
1104,5092287,2867.91,Unknown,2023-03-29,3,Wednesday,29
1106,5125325,2409.87,Travel,2023-07-09,7,Sunday,9
1107,5149660,9080.57,Travel,2023-12-19,12,Tuesday,19
1108,5118617,7119.81,Entertainment,2023-06-07,6,Wednesday,7
1109,5092332,4487.84,Travel,2023-10-29,10,Sunday,29
1110,5061135,2040.72,Entertainment,2023-11-27,11,Monday,27
1111,5062131,3889.0,Food,2023-08-21,8,Monday,21
1112,5042232,5459.16,Shopping,2023-10-02,10,Monday,2
1113,5066507,794.49,Travel,2023-12-05,12,Tuesday,5
1114,5054525,2386.29,Bills,2023-12-04,12,Monday,4
1115,5033496,8384.25,Travel,2023-01-25,1,Wednesday,25
1116,5140019,845.26,Shopping,2023-03-02,3,Thursday,2
1117,5023914,5880.26,Food,2023-09-14,9,Thursday,14
1118,5117778,5783.02,Entertainment,2023-04-11,4,Tuesday,11
1119,5079166,8934.26,Bills,2023-08-03,8,Thursday,3
1120,5096753,8982.64,Entertainment,2023-09-27,9,Wednesday,27
1122,5028909,3116.58,Unknown,2023-08-28,8,Monday,28
1123,5038510,4255.27,Food,2023-12-12,12,Tuesday,12
1124,5067638,7461.89,Unknown,2023-08-19,8,Saturday,19
1126,5105791,6216.86,Food,2023-07-01,7,Saturday,1
1127,5145970,5353.46,Travel,2023-10-24,10,Tuesday,24
1128,5112738,6666.9,Entertainment,2023-12-08,12,Friday,8
1129,5028802,9944.55,Bills,2023-10-03,10,Tuesday,3
1130,5022118,3193.78,Food,2023-09-27,9,Wednesday,27
1131,5105842,7735.41,Entertainment,2023-12-05,12,Tuesday,5
1132,5009746,1845.99,Entertainment,2023-07-25,7,Tuesday,25
1133,5023177,7071.67,Shopping,2023-11-13,11,Monday,13
1136,5009579,1639.58,Entertainment,2023-11-01,11,Wednesday,1
1137,5143231,8349.19,Food,2023-08-03,8,Thursday,3
1138,5033814,7486.19,Travel,2023-08-14,8,Monday,14
1139,5062016,6681.37,Entertainment,2023-10-19,10,Thursday,19
1140,5105715,2675.27,Travel,2023-08-15,8,Tuesday,15
1141,5137187,4824.66,Bills,2023-12-26,12,Tuesday,26
1142,5089162,8817.04,Bills,2023-10-08,10,Sunday,8
1143,5052622,9901.48,Shopping,2023-08-14,8,Monday,14
1144,5125399,7975.27,Travel,2023-10-26,10,Thursday,26
1145,5033418,5080.76,Food,2023-06-24,6,Saturday,24
1146,5125471,9039.84,Unknown,2023-11-08,11,Wednesday,8
1147,5010344,5916.89,Travel,2023-12-25,12,Monday,25
1148,5068156,5061.98,Entertainment,2023-08-01,8,Tuesday,1
1149,5113373,8180.08,Travel,2023-01-15,1,Sunday,15
1151,5079057,8050.05,Entertainment,2023-01-01,1,Sunday,1
1152,5145968,6061.02,Travel,2023-05-13,5,Saturday,13
1153,5146429,2360.23,Shopping,2023-08-29,8,Tuesday,29
1154,5053744,4044.77,Food,2023-11-04,11,Saturday,4
1155,5045255,7238.65,Shopping,2023-12-20,12,Wednesday,20
1156,5022756,428.37,Food,2023-03-21,3,Tuesday,21
1157,5069466,5798.06,Bills,2023-04-22,4,Saturday,22
1158,5065348,2582.36,Travel,2023-03-01,3,Wednesday,1
1159,5137407,9443.34,Travel,2023-03-02,3,Thursday,2
1160,5069380,9475.47,Shopping,2023-01-23,1,Monday,23
1161,5068238,3420.89,Travel,2023-10-31,10,Tuesday,31
1162,5116883,3979.6,Shopping,2023-07-26,7,Wednesday,26
1163,5009023,7547.11,Entertainment,2023-02-16,2,Thursday,16
1164,5113082,3688.97,Bills,2023-01-25,1,Wednesday,25
1165,5051240,7407.96,Entertainment,2023-05-11,5,Thursday,11
1166,5096415,3051.34,Shopping,2023-09-27,9,Wednesday,27
1167,5054228,3750.0,Travel,2023-12-06,12,Wednesday,6
1168,5054733,6845.75,Unknown,2023-05-20,5,Saturday,20
1169,5114630,7850.57,Entertainment,2023-07-07,7,Friday,7
1170,5090470,1992.17,Unknown,2023-11-05,11,Sunday,5
1171,5024386,4778.17,Travel,2023-06-01,6,Thursday,1
1172,5024604,767.06,Bills,2023-12-02,12,Saturday,2
1173,5088503,4870.24,Bills,2023-04-02,4,Sunday,2
1174,5097024,7848.96,Travel,2023-10-07,10,Saturday,7
1175,5137022,1232.11,Unknown,2023-02-28,2,Tuesday,28
1176,5149319,8303.19,Entertainment,2023-04-21,4,Friday,21
1177,5143519,9662.12,Travel,2023-06-06,6,Tuesday,6
1178,5079181,6894.52,Shopping,2023-04-08,4,Saturday,8
1179,5149484,8565.1,Entertainment,2023-08-24,8,Thursday,24
1180,5029423,1470.05,Food,2023-02-24,2,Friday,24
1182,5010865,4992.89,Unknown,2023-03-09,3,Thursday,9
1183,5139553,2268.14,Shopping,2023-05-31,5,Wednesday,31
1184,5023089,8928.43,Entertainment,2023-09-18,9,Monday,18
1185,5023389,8022.11,Entertainment,2023-11-11,11,Saturday,11
1186,5033916,285.07,Travel,2023-03-30,3,Thursday,30
1187,5092221,6492.13,Bills,2023-05-01,5,Monday,1
1188,5088836,4216.04,Shopping,2023-10-23,10,Monday,23
1189,5050853,3976.63,Travel,2023-03-02,3,Thursday,2
1190,5038897,5310.08,Shopping,2023-03-20,3,Monday,20
1191,5090186,1703.92,Bills,2023-08-16,8,Wednesday,16
1192,5100373,9419.19,Entertainment,2023-06-19,6,Monday,19
1193,5051008,8363.49,Bills,2023-05-18,5,Thursday,18
1194,5100000,575.21,Shopping,2023-12-06,12,Wednesday,6
1195,5104868,7882.66,Food,2023-07-06,7,Thursday,6
1196,5021445,1867.25,Food,2023-12-01,12,Friday,1
1198,5105150,81.11,Entertainment,2023-10-22,10,Sunday,22
1199,5116613,3586.14,Unknown,2023-09-06,9,Wednesday,6
1200,5046362,2050.36,Food,2023-07-14,7,Friday,14
1201,5114060,6220.86,Entertainment,2023-11-05,11,Sunday,5
1202,5037266,3250.55,Food,2023-12-24,12,Sunday,24
1203,5033884,8736.03,Bills,2023-11-12,11,Sunday,12
1204,5033728,6685.04,Bills,2023-11-27,11,Monday,27
1205,5067638,8098.8,Food,2023-01-07,1,Saturday,7
1206,5091374,8032.23,Travel,2023-05-07,5,Sunday,7
1207,5009472,2291.75,Entertainment,2023-02-05,2,Sunday,5
1208,5033453,5580.37,Entertainment,2023-01-04,1,Wednesday,4
1209,5089137,4981.42,Travel,2023-08-23,8,Wednesday,23
1210,5066832,767.41,Entertainment,2023-07-01,7,Saturday,1
1211,5117095,3185.53,Travel,2023-11-04,11,Saturday,4
1212,5091144,8869.8,Entertainment,2023-11-30,11,Thursday,30
1213,5112765,1778.98,Shopping,2023-05-10,5,Wednesday,10
1214,5035688,8563.73,Unknown,2023-06-27,6,Tuesday,27
1215,5069296,2051.94,Food,2023-11-26,11,Sunday,26
1216,5091549,2475.74,Unknown,2023-11-07,11,Tuesday,7
1217,5097106,7963.47,Food,2023-11-07,11,Tuesday,7
1218,5105685,8958.32,Unknown,2023-10-12,10,Thursday,12
1219,5050973,1643.4,Bills,2023-02-19,2,Sunday,19
1220,5024916,7992.04,Entertainment,2023-08-17,8,Thursday,17
1221,5054496,7915.68,Bills,2023-06-12,6,Monday,12
1222,5069380,5394.46,Food,2023-06-14,6,Wednesday,14
1223,5009207,7979.49,Bills,2023-12-01,12,Friday,1
1224,5113801,3799.74,Entertainment,2023-01-01,1,Sunday,1
1225,5022041,7446.94,Entertainment,2023-03-27,3,Monday,27
1226,5041066,2706.57,Entertainment,2023-08-05,8,Saturday,5
1227,5010397,3774.58,Food,2023-01-18,1,Wednesday,18
1228,5022449,8098.87,Travel,2023-12-31,12,Sunday,31
1229,5100430,5518.43,Food,2023-01-04,1,Wednesday,4
1230,5143319,5551.9,Food,2023-08-04,8,Friday,4
1231,5149368,1772.56,Bills,2023-02-10,2,Friday,10
1232,5061340,2337.13,Unknown,2023-09-01,9,Friday,1
1233,5142781,657.05,Entertainment,2023-06-07,6,Wednesday,7
1234,5095939,2640.47,Food,2023-12-05,12,Tuesday,5
1235,5009845,1231.26,Travel,2023-04-29,4,Saturday,29
1236,5117754,8056.37,Shopping,2023-02-03,2,Friday,3
1237,5135530,4086.92,Travel,2023-02-06,2,Monday,6
1238,5068456,6725.91,Travel,2023-07-07,7,Friday,7
1239,5091983,5594.83,Entertainment,2023-02-24,2,Friday,24
1240,5024238,5394.83,Bills,2023-12-31,12,Sunday,31
1242,5033714,9218.99,Entertainment,2023-01-13,1,Friday,13
1243,5036936,2361.75,Travel,2023-02-14,2,Tuesday,14
1244,5142691,434.13,Bills,2023-06-29,6,Thursday,29
1245,5116714,165.21,Shopping,2023-11-25,11,Saturday,25
1246,5118617,6997.12,Entertainment,2023-08-14,8,Monday,14
1247,5126809,7201.08,Bills,2023-02-10,2,Friday,10
1248,5051187,664.37,Entertainment,2023-12-26,12,Tuesday,26
1249,5114166,292.4,Bills,2023-05-13,5,Saturday,13
1250,5044669,3287.36,Food,2023-10-03,10,Tuesday,3
1254,5145978,1710.63,Bills,2023-09-22,9,Friday,22
1255,5009291,6948.41,Bills,2023-04-05,4,Wednesday,5
1256,5135531,6458.55,Shopping,2023-04-27,4,Thursday,27
1257,5149190,8478.66,Shopping,2023-08-22,8,Tuesday,22
1258,5112966,8887.1,Travel,2023-07-31,7,Monday,31
1259,5145817,5405.81,Entertainment,2023-01-16,1,Monday,16
1260,5091792,971.13,Entertainment,2023-06-17,6,Saturday,17
1261,5041540,3055.58,Travel,2023-06-13,6,Tuesday,13
1262,5092242,4988.12,Travel,2023-08-16,8,Wednesday,16
1263,5117233,3037.04,Shopping,2023-08-28,8,Monday,28
1264,5113406,6873.36,Bills,2023-05-31,5,Wednesday,31
1265,5022156,4659.34,Bills,2023-03-19,3,Sunday,19
1266,5033788,7458.8,Entertainment,2023-10-24,10,Tuesday,24
1267,5066865,2318.53,Unknown,2023-10-09,10,Monday,9
1268,5041535,6332.14,Bills,2023-07-03,7,Monday,3
1269,5090925,4398.4,Bills,2023-11-14,11,Tuesday,14
1272,5018505,5148.79,Bills,2023-05-03,5,Wednesday,3
1273,5095939,5175.74,Entertainment,2023-04-17,4,Monday,17
1274,5029725,6399.83,Bills,2023-06-10,6,Saturday,10
1275,5068367,4225.97,Food,2023-12-13,12,Wednesday,13
1276,5105436,1664.29,Travel,2023-08-23,8,Wednesday,23
1277,5078841,6879.96,Food,2023-03-25,3,Saturday,25
1278,5067924,9450.66,Food,2023-07-22,7,Saturday,22
1279,5010238,1047.45,Travel,2023-10-10,10,Tuesday,10
1280,5009791,5245.59,Unknown,2023-05-18,5,Thursday,18
1281,5041520,8852.75,Entertainment,2023-03-26,3,Sunday,26
1282,5041540,8193.19,Travel,2023-01-25,1,Wednesday,25
1283,5117190,4987.33,Entertainment,2023-03-03,3,Friday,3
1284,5054626,5591.83,Entertainment,2023-06-04,6,Sunday,4
1285,5028280,8357.16,Entertainment,2023-05-29,5,Monday,29
1286,5023527,9564.98,Entertainment,2023-02-13,2,Monday,13
1287,5069141,4981.48,Travel,2023-09-10,9,Sunday,10
1288,5095631,8050.06,Shopping,2023-02-21,2,Tuesday,21
1289,5050975,1612.87,Entertainment,2023-07-01,7,Saturday,1
1290,5097065,8340.08,Food,2023-06-13,6,Tuesday,13
1291,5023475,3431.26,Bills,2023-12-27,12,Wednesday,27
1292,5024213,3649.77,Food,2023-05-27,5,Saturday,27
1293,5037157,8123.18,Travel,2023-09-19,9,Tuesday,19
1294,5050453,8205.4,Travel,2023-10-08,10,Sunday,8
1295,5143079,1942.6,Bills,2023-09-28,9,Thursday,28
1296,5041073,746.24,Food,2023-09-25,9,Monday,25
1297,5143314,1927.31,Entertainment,2023-03-04,3,Saturday,4
1298,5089070,6094.06,Unknown,2023-04-10,4,Monday,10
1300,5052731,4533.61,Travel,2023-04-13,4,Thursday,13
1301,5052762,3308.9,Bills,2023-07-14,7,Friday,14
1302,5118477,4121.42,Entertainment,2023-04-12,4,Wednesday,12
1303,5139951,8094.82,Entertainment,2023-09-08,9,Friday,8
1304,5117778,4106.36,Unknown,2023-03-08,3,Wednesday,8
1305,5009941,7744.82,Food,2023-04-19,4,Wednesday,19
1306,5096211,7013.98,Food,2023-03-05,3,Sunday,5
1307,5091630,9129.11,Food,2023-02-26,2,Sunday,26
1309,5085886,6971.39,Bills,2023-10-15,10,Sunday,15
1310,5113291,441.51,Food,2023-05-28,5,Sunday,28
1311,5142482,865.66,Entertainment,2023-07-10,7,Monday,10
1313,5117233,6190.33,Travel,2023-01-18,1,Wednesday,18
1314,5095930,406.24,Travel,2023-08-16,8,Wednesday,16
1315,5050655,516.87,Entertainment,2023-12-15,12,Friday,15
1316,5035866,8899.74,Travel,2023-06-12,6,Monday,12
1317,5045623,2651.71,Shopping,2023-10-05,10,Thursday,5
1318,5078945,7070.66,Entertainment,2023-03-12,3,Sunday,12
1319,5050482,3700.44,Bills,2023-04-14,4,Friday,14
1320,5118118,6414.93,Bills,2023-12-12,12,Tuesday,12
1321,5146463,6414.14,Entertainment,2023-08-10,8,Thursday,10
1322,5096318,2110.32,Entertainment,2023-02-17,2,Friday,17
1324,5024213,4460.2,Food,2023-05-25,5,Thursday,25
1325,5146472,7472.91,Food,2023-01-04,1,Wednesday,4
1326,5022612,8299.06,Food,2023-06-29,6,Thursday,29
1327,5068456,1728.02,Bills,2023-12-10,12,Sunday,10
1328,5115884,1712.48,Bills,2023-03-12,3,Sunday,12
1329,5117190,4791.27,Bills,2023-12-02,12,Saturday,2
1330,5010874,4354.08,Bills,2023-08-24,8,Thursday,24
1331,5033447,3427.92,Food,2023-05-21,5,Sunday,21
1332,5045894,1042.51,Shopping,2023-12-11,12,Monday,11
1333,5048300,9509.88,Bills,2023-01-24,1,Tuesday,24
1334,5105150,3265.91,Entertainment,2023-02-01,2,Wednesday,1
1335,5041474,4095.37,Bills,2023-05-14,5,Sunday,14
1336,5105069,3020.74,Food,2023-05-02,5,Tuesday,2
1337,5118526,8196.38,Entertainment,2023-10-01,10,Sunday,1
1338,5029725,9853.21,Food,2023-01-06,1,Friday,6
1339,5114643,8049.88,Bills,2023-09-26,9,Tuesday,26
1340,5022373,7891.88,Entertainment,2023-10-11,10,Wednesday,11
1341,5089225,3864.21,Shopping,2023-12-29,12,Friday,29
1342,5024258,1079.64,Travel,2023-06-08,6,Thursday,8
1343,5091735,8748.89,Bills,2023-12-14,12,Thursday,14
1344,5118441,7751.43,Bills,2023-06-05,6,Monday,5
1345,5100464,6120.18,Entertainment,2023-03-25,3,Saturday,25
1346,5028781,9916.78,Food,2023-11-21,11,Tuesday,21
1347,5051156,7735.19,Food,2023-10-23,10,Monday,23
1348,5089275,7889.47,Unknown,2023-04-09,4,Sunday,9
1349,5033817,2222.46,Food,2023-08-06,8,Sunday,6
1350,5135460,6743.82,Travel,2023-04-21,4,Friday,21
1351,5149660,5748.8,Bills,2023-08-24,8,Thursday,24
1352,5143465,7344.49,Bills,2023-03-03,3,Friday,3
1353,5048583,8406.7,Bills,2023-08-07,8,Monday,7
1354,5116714,9460.5,Bills,2023-11-12,11,Sunday,12
1355,5093248,3828.69,Food,2023-06-04,6,Sunday,4
1356,5149946,8253.06,Bills,2023-03-22,3,Wednesday,22
1357,5029191,3552.61,Entertainment,2023-04-04,4,Tuesday,4
1358,5069399,9467.63,Entertainment,2023-08-22,8,Tuesday,22
1359,5105842,2472.6,Food,2023-04-17,4,Monday,17
1360,5028990,7634.32,Food,2023-10-25,10,Wednesday,25
1361,5146456,9367.37,Food,2023-11-01,11,Wednesday,1
1362,5028726,670.83,Food,2023-09-24,9,Sunday,24
1363,5088836,2519.82,Food,2023-03-26,3,Sunday,26
1364,5052865,9891.52,Bills,2023-12-15,12,Friday,15
1365,5067982,9736.69,Food,2023-05-11,5,Thursday,11
1366,5029256,2183.5,Food,2023-12-16,12,Saturday,16
1367,5022571,2707.44,Bills,2023-06-02,6,Friday,2
1368,5033916,1588.99,Food,2023-10-19,10,Thursday,19
1369,5114166,5086.7,Shopping,2023-04-21,4,Friday,21
1370,5149192,3399.04,Entertainment,2023-12-22,12,Friday,22
1371,5088689,4674.42,Shopping,2023-07-10,7,Monday,10
1372,5135484,3248.28,Unknown,2023-09-04,9,Monday,4
1373,5135705,1640.72,Unknown,2023-05-11,5,Thursday,11
1374,5089770,4887.52,Travel,2023-06-25,6,Sunday,25
1375,5116304,4679.74,Travel,2023-05-04,5,Thursday,4
1376,5009586,8316.42,Food,2023-02-06,2,Monday,6
1377,5114294,9148.03,Entertainment,2023-03-01,3,Wednesday,1
1378,5053032,752.57,Bills,2023-03-12,3,Sunday,12
1379,5033966,4442.76,Travel,2023-09-15,9,Friday,15
1380,5054384,2986.85,Food,2023-07-20,7,Thursday,20
1382,5149327,3838.55,Travel,2023-07-07,7,Friday,7
1383,5051160,3369.45,Food,2023-01-30,1,Monday,30
1384,5021737,6149.76,Shopping,2023-10-27,10,Friday,27
1385,5051097,2361.35,Entertainment,2023-01-01,1,Sunday,1
1386,5023147,6093.17,Entertainment,2023-12-13,12,Wednesday,13
1387,5113861,2675.04,Travel,2023-07-08,7,Saturday,8
1388,5095905,8319.02,Travel,2023-11-12,11,Sunday,12
1389,5090701,7817.77,Bills,2023-03-09,3,Thursday,9
1390,5025029,7311.61,Entertainment,2023-03-03,3,Friday,3
1391,5028909,4629.27,Entertainment,2023-09-02,9,Saturday,2
1393,5146167,9859.03,Bills,2023-05-05,5,Friday,5
1394,5023147,4007.26,Shopping,2023-01-27,1,Friday,27
1395,5090509,7646.67,Bills,2023-09-28,9,Thursday,28
1396,5050440,7468.04,Entertainment,2023-04-08,4,Saturday,8
1397,5065673,9953.01,Bills,2023-07-05,7,Wednesday,5
1398,5079181,1723.52,Travel,2023-04-29,4,Saturday,29
1399,5116818,7016.34,Travel,2023-05-08,5,Monday,8
1400,5029610,7831.25,Entertainment,2023-03-22,3,Wednesday,22
1401,5058530,4233.04,Entertainment,2023-10-21,10,Saturday,21
1402,5078931,3950.85,Food,2023-04-19,4,Wednesday,19
1403,5010218,3567.78,Bills,2023-07-12,7,Wednesday,12
1404,5099957,5171.67,Bills,2023-07-07,7,Friday,7
1405,5067832,7173.49,Food,2023-01-04,1,Wednesday,4
1406,5105412,9716.91,Entertainment,2023-09-09,9,Saturday,9
1407,5038932,8583.84,Travel,2023-08-15,8,Tuesday,15
1408,5052731,9797.32,Shopping,2023-03-14,3,Tuesday,14
1410,5009790,8675.84,Travel,2023-10-13,10,Friday,13
1411,5066597,6962.16,Unknown,2023-07-06,7,Thursday,6
1412,5046035,5282.26,Bills,2023-10-19,10,Thursday,19
1413,5021730,8564.58,Travel,2023-07-31,7,Monday,31
1414,5142691,2733.1,Bills,2023-03-20,3,Monday,20
1415,5118268,6235.24,Food,2023-01-18,1,Wednesday,18
1416,5037169,2509.38,Entertainment,2023-07-27,7,Thursday,27
1417,5105395,5901.01,Shopping,2023-05-01,5,Monday,1
1418,5008827,9588.76,Travel,2023-11-09,11,Thursday,9
1419,5099948,7778.83,Travel,2023-07-25,7,Tuesday,25
1420,5105436,9250.18,Entertainment,2023-09-24,9,Sunday,24
1421,5056179,5763.78,Food,2023-04-30,4,Sunday,30
1422,5089580,3875.74,Food,2023-02-13,2,Monday,13
1423,5066709,6367.15,Shopping,2023-07-07,7,Friday,7
1424,5021267,3602.49,Food,2023-01-19,1,Thursday,19
1425,5117095,3542.35,Food,2023-11-11,11,Saturday,11
1427,5024582,1045.28,Entertainment,2023-06-04,6,Sunday,4
1428,5067345,7159.61,Unknown,2023-08-20,8,Sunday,20
1429,5061500,8723.68,Shopping,2023-03-05,3,Sunday,5
1430,5046191,9666.99,Unknown,2023-01-07,1,Saturday,7
1431,5091400,4655.59,Food,2023-03-27,3,Monday,27
1432,5029028,9591.9,Entertainment,2023-05-16,5,Tuesday,16
1433,5045917,6834.97,Food,2023-11-16,11,Thursday,16
1434,5066915,5460.08,Food,2023-05-07,5,Sunday,7
1435,5022015,8964.72,Travel,2023-02-09,2,Thursday,9
1436,5037212,7216.19,Food,2023-02-03,2,Friday,3
1437,5022343,3698.41,Travel,2023-07-12,7,Wednesday,12
1438,5087819,8964.7,Bills,2023-03-26,3,Sunday,26
1439,5135990,9182.1,Entertainment,2023-10-11,10,Wednesday,11
1441,5045992,4404.92,Bills,2023-05-02,5,Tuesday,2
1442,5113621,555.0,Entertainment,2023-01-12,1,Thursday,12
1444,5142248,9346.07,Unknown,2023-01-23,1,Monday,23
1445,5009146,6307.82,Travel,2023-11-29,11,Wednesday,29
1446,5061611,702.08,Bills,2023-06-14,6,Wednesday,14
1447,5052678,835.68,Entertainment,2023-09-18,9,Monday,18
1448,5053980,5047.21,Entertainment,2023-11-28,11,Tuesday,28
1449,5089497,5325.44,Bills,2023-05-14,5,Sunday,14
1450,5113440,1488.03,Unknown,2023-05-01,5,Monday,1
1451,5115947,6230.58,Travel,2023-08-31,8,Thursday,31
1452,5053980,3359.31,Bills,2023-02-04,2,Saturday,4
1453,5126527,3545.29,Bills,2023-12-26,12,Tuesday,26
1454,5051161,8381.39,Travel,2023-04-13,4,Thursday,13
1455,5114249,4426.61,Food,2023-06-05,6,Monday,5
1456,5044669,4580.91,Food,2023-10-22,10,Sunday,22
1457,5029610,2873.58,Shopping,2023-10-30,10,Monday,30
1458,5148934,6591.43,Entertainment,2023-07-27,7,Thursday,27
1459,5099957,8328.1,Travel,2023-05-28,5,Sunday,28
1460,5009918,355.31,Food,2023-01-25,1,Wednesday,25
1461,5088181,8342.5,Food,2023-06-07,6,Wednesday,7
1462,5033514,8436.81,Food,2023-08-03,8,Thursday,3
1463,5125172,587.59,Entertainment,2023-10-14,10,Saturday,14
1464,5118280,1704.71,Bills,2023-09-19,9,Tuesday,19
1465,5086062,5891.55,Travel,2023-01-16,1,Monday,16
1467,5028697,6636.62,Food,2023-02-23,2,Thursday,23
1468,5068963,4936.71,Unknown,2023-01-26,1,Thursday,26
1469,5143515,4554.06,Shopping,2023-10-23,10,Monday,23
1470,5053642,4181.87,Bills,2023-11-19,11,Sunday,19
1471,5056179,8934.47,Bills,2023-01-29,1,Sunday,29
1472,5113717,7726.81,Food,2023-07-21,7,Friday,21
1473,5126518,8027.39,Bills,2023-10-19,10,Thursday,19
1474,5056077,9681.05,Entertainment,2023-08-16,8,Wednesday,16
1475,5118115,3836.57,Entertainment,2023-09-19,9,Tuesday,19
1476,5036765,9057.7,Entertainment,2023-09-26,9,Tuesday,26
1477,5053003,7600.13,Bills,2023-02-26,2,Sunday,26
1478,5113374,3308.62,Shopping,2023-10-31,10,Tuesday,31
1479,5052877,639.88,Bills,2023-09-06,9,Wednesday,6
1480,5143362,1155.33,Shopping,2023-12-28,12,Thursday,28
1481,5033797,9578.83,Unknown,2023-03-31,3,Friday,31
1482,5042232,4090.6,Travel,2023-01-23,1,Monday,23
1483,5091651,3286.2,Travel,2023-06-17,6,Saturday,17
1484,5149402,1727.55,Entertainment,2023-12-14,12,Thursday,14
1485,5125127,3127.11,Travel,2023-06-01,6,Thursday,1
1486,5115604,3096.42,Unknown,2023-11-05,11,Sunday,5
1487,5079016,1374.24,Bills,2023-03-09,3,Thursday,9
1488,5065705,8140.1,Food,2023-04-23,4,Sunday,23
1489,5029544,3654.74,Entertainment,2023-11-21,11,Tuesday,21
1490,5018461,9527.79,Food,2024-01-01,1,Monday,1
1491,5078946,9684.62,Bills,2023-10-28,10,Saturday,28
1492,5136909,7257.56,Bills,2023-06-06,6,Tuesday,6
1493,5028907,7154.28,Shopping,2023-09-12,9,Tuesday,12
1494,5041758,2175.5,Travel,2023-02-21,2,Tuesday,21
1495,5069216,715.23,Food,2023-10-16,10,Monday,16
1496,5112599,4479.31,Travel,2023-07-15,7,Saturday,15
1497,5096743,3136.97,Bills,2023-06-24,6,Saturday,24
1499,5117233,4679.11,Unknown,2023-11-05,11,Sunday,5
1500,5067730,1909.79,Bills,2023-07-16,7,Sunday,16
1501,5095193,9793.82,Unknown,2023-07-14,7,Friday,14
1502,5062334,1819.16,Bills,2023-01-24,1,Tuesday,24
1503,5058352,6133.5,Shopping,2023-07-21,7,Friday,21
1504,5091792,6914.28,Entertainment,2023-12-27,12,Wednesday,27
1505,5045380,6575.73,Shopping,2023-10-17,10,Tuesday,17
1506,5079167,4089.42,Bills,2023-04-14,4,Friday,14
1507,5092245,8368.9,Entertainment,2023-04-30,4,Sunday,30
1508,5088805,6494.16,Entertainment,2023-03-20,3,Monday,20
1509,5033728,3500.97,Travel,2023-05-14,5,Sunday,14
1510,5022053,6824.49,Bills,2023-04-14,4,Friday,14
1512,5078945,6887.72,Bills,2023-06-27,6,Tuesday,27
1513,5095514,9421.97,Shopping,2023-06-12,6,Monday,12
1514,5038723,7001.99,Unknown,2023-10-17,10,Tuesday,17
1515,5058267,3419.04,Entertainment,2023-10-25,10,Wednesday,25
1516,5046083,6979.98,Food,2023-11-17,11,Friday,17
1517,5126308,9916.39,Bills,2023-04-13,4,Thursday,13
1518,5100000,2759.05,Entertainment,2023-04-26,4,Wednesday,26
1519,5142361,1747.39,Food,2023-07-17,7,Monday,17
1520,5091369,4444.22,Entertainment,2023-08-09,8,Wednesday,9
1521,5047853,7580.85,Bills,2023-09-26,9,Tuesday,26
1522,5046086,4629.48,Travel,2023-09-05,9,Tuesday,5
1523,5069141,7493.26,Food,2023-12-09,12,Saturday,9
1524,5033439,336.26,Entertainment,2023-04-24,4,Monday,24
1525,5022326,6285.35,Shopping,2023-02-09,2,Thursday,9
1526,5045800,8026.02,Travel,2023-04-15,4,Saturday,15
1527,5089760,2863.41,Travel,2023-08-27,8,Sunday,27
1528,5065808,8476.02,Unknown,2023-04-14,4,Friday,14
1529,5116801,6940.8,Bills,2023-09-16,9,Saturday,16
1530,5029538,6890.46,Food,2023-08-02,8,Wednesday,2
1531,5022918,5864.51,Bills,2023-04-07,4,Friday,7
1532,5065477,8592.58,Entertainment,2023-01-01,1,Sunday,1
1533,5094884,432.56,Bills,2023-01-13,1,Friday,13
1534,5149647,3842.92,Shopping,2023-08-21,8,Monday,21
1535,5125277,8947.74,Entertainment,2023-08-13,8,Sunday,13
1536,5058271,9834.58,Bills,2023-01-06,1,Friday,6
1537,5052739,7569.6,Travel,2023-06-21,6,Wednesday,21
1538,5113510,5937.34,Bills,2023-10-09,10,Monday,9
1539,5112652,9705.92,Bills,2023-05-13,5,Saturday,13
1540,5090214,7404.22,Entertainment,2023-06-27,6,Tuesday,27
1541,5054079,3581.33,Food,2023-06-03,6,Saturday,3
1542,5096211,7713.25,Unknown,2023-05-20,5,Saturday,20
1543,5053744,6104.6,Bills,2023-10-22,10,Sunday,22
1544,5096621,7296.46,Unknown,2023-05-03,5,Wednesday,3
1545,5117047,3819.17,Bills,2023-06-09,6,Friday,9
1546,5066843,5688.49,Unknown,2023-06-05,6,Monday,5
1547,5126562,8211.64,Unknown,2023-12-31,12,Sunday,31
1548,5143231,3709.47,Food,2023-03-14,3,Tuesday,14
1549,5116304,5961.14,Entertainment,2023-10-10,10,Tuesday,10
1550,5096743,7227.48,Bills,2023-06-13,6,Tuesday,13
1551,5061360,4951.81,Travel,2023-06-08,6,Thursday,8
1552,5118283,4975.89,Shopping,2023-11-23,11,Thursday,23
1553,5068378,8019.58,Unknown,2023-08-11,8,Friday,11
1554,5026178,8349.67,Bills,2023-06-03,6,Saturday,3
1555,5065763,3455.59,Entertainment,2023-08-15,8,Tuesday,15
1556,5146463,2888.62,Travel,2023-09-04,9,Monday,4
1557,5095631,3554.57,Travel,2023-03-04,3,Saturday,4
1558,5118617,8805.82,Shopping,2023-06-17,6,Saturday,17
1559,5065335,1731.11,Food,2023-01-14,1,Saturday,14
1560,5045800,3505.73,Bills,2023-07-12,7,Wednesday,12
1561,5090509,9253.03,Food,2023-06-21,6,Wednesday,21
1562,5135841,1688.74,Bills,2023-09-24,9,Sunday,24
1563,5125471,5646.87,Entertainment,2023-07-03,7,Monday,3
1564,5105291,7931.24,Entertainment,2023-12-19,12,Tuesday,19
1565,5143519,791.75,Shopping,2023-11-20,11,Monday,20
1566,5061161,5036.01,Entertainment,2023-10-12,10,Thursday,12
1567,5143235,4305.45,Food,2023-09-21,9,Thursday,21
1568,5025020,9815.82,Food,2023-05-18,5,Thursday,18
1569,5062525,2815.63,Entertainment,2023-07-16,7,Sunday,16
1570,5045439,619.77,Food,2023-04-15,4,Saturday,15
1572,5023706,828.89,Travel,2023-01-07,1,Saturday,7
1573,5113854,5889.24,Shopping,2023-07-12,7,Wednesday,12
1574,5036881,3350.81,Entertainment,2023-10-09,10,Monday,9
1575,5149834,7525.34,Shopping,2023-02-07,2,Tuesday,7
1576,5045614,5989.77,Food,2023-10-16,10,Monday,16
1577,5028930,657.46,Unknown,2023-01-08,1,Sunday,8
1578,5009443,7746.23,Travel,2023-07-09,7,Sunday,9
1579,5143231,9241.92,Unknown,2023-12-29,12,Friday,29
1580,5048486,8638.46,Shopping,2023-02-03,2,Friday,3
1581,5078931,8456.32,Travel,2023-03-30,3,Thursday,30
1582,5095324,7535.85,Bills,2023-01-14,1,Saturday,14
1583,5010172,9633.49,Unknown,2023-03-25,3,Saturday,25
1584,5065704,4384.53,Unknown,2023-01-08,1,Sunday,8
1585,5053918,980.71,Travel,2023-12-16,12,Saturday,16
1587,5033916,252.22,Bills,2023-04-12,4,Wednesday,12
1588,5105743,1441.83,Travel,2023-05-27,5,Saturday,27
1589,5065723,1470.54,Travel,2023-05-27,5,Saturday,27
1590,5149838,5302.56,Bills,2023-10-17,10,Tuesday,17
1591,5067090,5432.91,Shopping,2023-03-17,3,Friday,17
1592,5117716,5988.97,Bills,2023-09-27,9,Wednesday,27
1593,5135378,9020.37,Travel,2023-11-05,11,Sunday,5
1594,5061773,1217.36,Unknown,2023-03-07,3,Tuesday,7
1595,5090464,8098.63,Bills,2023-11-18,11,Saturday,18
1596,5010526,2944.11,Food,2023-05-17,5,Wednesday,17
1597,5046324,1813.07,Bills,2023-04-24,4,Monday,24
1598,5143453,8607.0,Travel,2023-06-06,6,Tuesday,6
1599,5069028,7427.46,Bills,2023-09-14,9,Thursday,14
1600,5048301,6567.13,Travel,2023-06-19,6,Monday,19
1602,5058366,8268.27,Travel,2023-10-31,10,Tuesday,31
1603,5116369,8203.16,Travel,2023-07-27,7,Thursday,27
1604,5148934,6814.13,Food,2023-07-25,7,Tuesday,25
1605,5022676,9383.11,Bills,2023-11-12,11,Sunday,12
1606,5046379,8298.78,Shopping,2023-11-24,11,Friday,24
1608,5067926,3232.03,Food,2023-07-06,7,Thursday,6
1609,5091921,2395.63,Food,2023-08-14,8,Monday,14
1610,5094896,5644.83,Entertainment,2023-01-11,1,Wednesday,11
1611,5068888,6561.78,Bills,2023-09-15,9,Friday,15
1612,5022803,9859.96,Unknown,2023-06-16,6,Friday,16
1613,5143342,5755.62,Food,2023-09-01,9,Friday,1
1614,5091824,9328.8,Food,2023-01-30,1,Monday,30
1615,5100010,951.47,Travel,2023-01-09,1,Monday,9
1616,5114061,1118.13,Entertainment,2023-06-13,6,Tuesday,13
1617,5065723,7971.41,Food,2023-12-13,12,Wednesday,13
1618,5024033,1093.63,Bills,2023-11-15,11,Wednesday,15
1619,5089736,9116.61,Bills,2023-11-02,11,Thursday,2
1621,5135474,474.11,Entertainment,2023-06-20,6,Tuesday,20
1622,5113801,7188.67,Travel,2023-04-15,4,Saturday,15
1623,5085768,6649.16,Unknown,2023-01-29,1,Sunday,29
1624,5090310,1400.82,Travel,2023-07-20,7,Thursday,20
1625,5061139,5129.13,Shopping,2023-08-28,8,Monday,28
1627,5045888,2779.82,Bills,2023-09-16,9,Saturday,16
1628,5009941,644.3,Bills,2023-05-13,5,Saturday,13
1629,5033514,1170.67,Shopping,2023-07-09,7,Sunday,9
1630,5096466,5864.31,Shopping,2023-04-26,4,Wednesday,26
1631,5036469,5162.2,Unknown,2023-06-28,6,Wednesday,28
1632,5036648,7944.32,Bills,2023-05-31,5,Wednesday,31
1633,5116258,5617.71,Shopping,2023-06-09,6,Friday,9
1634,5142459,7070.44,Unknown,2023-04-21,4,Friday,21
1635,5009744,8897.8,Food,2023-03-14,3,Tuesday,14
1636,5067182,177.27,Shopping,2023-06-28,6,Wednesday,28
1638,5053254,2202.99,Shopping,2023-07-24,7,Monday,24
1639,5137033,1571.72,Unknown,2023-05-04,5,Thursday,4
1640,5035546,2821.34,Travel,2023-02-12,2,Sunday,12
1641,5054099,6633.48,Bills,2023-04-26,4,Wednesday,26
1642,5028302,9649.9,Unknown,2023-01-30,1,Monday,30
1643,5117314,3064.28,Shopping,2023-08-13,8,Sunday,13
1644,5054496,8257.08,Travel,2023-10-02,10,Monday,2
1645,5009269,9903.49,Bills,2023-12-13,12,Wednesday,13
1646,5048583,6279.87,Travel,2023-11-30,11,Thursday,30
1647,5113976,8563.52,Entertainment,2023-06-15,6,Thursday,15
1648,5044940,7409.32,Bills,2023-09-15,9,Friday,15
1650,5033906,7432.51,Unknown,2023-11-03,11,Friday,3
1651,5097024,803.89,Entertainment,2023-02-08,2,Wednesday,8
1652,5096527,7657.8,Travel,2023-05-10,5,Wednesday,10
1653,5148669,391.05,Shopping,2023-12-18,12,Monday,18
1654,5143457,5049.49,Shopping,2023-11-16,11,Thursday,16
1655,5037247,4255.14,Entertainment,2023-04-06,4,Thursday,6
1657,5068196,1222.38,Food,2023-06-25,6,Sunday,25
1658,5065723,8968.29,Entertainment,2023-02-05,2,Sunday,5
1659,5142649,107.13,Food,2023-01-13,1,Friday,13
1660,5010864,9935.01,Entertainment,2023-09-14,9,Thursday,14
1661,5125730,2550.16,Shopping,2023-10-10,10,Tuesday,10
1662,5149834,9063.65,Travel,2023-01-05,1,Thursday,5
1663,5146005,3325.99,Entertainment,2023-05-02,5,Tuesday,2
1664,5105577,6518.82,Unknown,2023-04-12,4,Wednesday,12
1665,5148915,1067.78,Entertainment,2023-09-25,9,Monday,25
1666,5096483,3481.8,Shopping,2023-06-11,6,Sunday,11
1668,5117248,1271.1,Shopping,2023-04-22,4,Saturday,22
1669,5135851,2833.04,Travel,2023-01-23,1,Monday,23
1670,5051120,6259.04,Entertainment,2023-06-16,6,Friday,16
1671,5036926,158.43,Unknown,2023-11-07,11,Tuesday,7
1672,5090509,7878.3,Food,2023-08-21,8,Monday,21
1673,5010225,4908.61,Entertainment,2023-03-21,3,Tuesday,21
1674,5041758,3670.47,Food,2023-06-25,6,Sunday,25
1675,5105685,5442.59,Entertainment,2023-05-06,5,Saturday,6
1676,5021490,9664.87,Travel,2023-04-05,4,Wednesday,5
1678,5118472,1395.97,Travel,2023-03-02,3,Thursday,2
1679,5023706,200.43,Shopping,2023-05-20,5,Saturday,20
1680,5021445,3198.84,Food,2023-01-09,1,Monday,9
1681,5044594,9213.58,Food,2023-09-27,9,Wednesday,27
1682,5009754,2051.83,Entertainment,2023-02-07,2,Tuesday,7
1683,5024077,1618.04,Food,2023-08-19,8,Saturday,19
1684,5053472,6681.39,Bills,2023-04-05,4,Wednesday,5
1685,5033514,7223.59,Food,2023-04-22,4,Saturday,22
1686,5091708,3344.42,Shopping,2023-09-23,9,Saturday,23
1687,5091144,4918.5,Bills,2023-11-04,11,Saturday,4
1688,5054697,6753.73,Bills,2023-10-22,10,Sunday,22
1689,5033514,2985.52,Travel,2023-02-23,2,Thursday,23
1690,5010865,1916.35,Bills,2023-10-22,10,Sunday,22
1691,5146123,8399.92,Unknown,2023-03-07,3,Tuesday,7
1692,5090780,51.83,Bills,2023-10-07,10,Saturday,7
1693,5052762,9306.0,Shopping,2023-01-26,1,Thursday,26
1694,5115992,4601.22,Travel,2023-08-02,8,Wednesday,2
1695,5090788,9051.88,Bills,2023-09-28,9,Thursday,28
1696,5143342,7188.98,Bills,2023-05-11,5,Thursday,11
1697,5145817,8756.08,Travel,2023-06-26,6,Monday,26
1698,5041675,9821.79,Bills,2023-06-01,6,Thursday,1
1699,5010865,5608.47,Shopping,2023-09-19,9,Tuesday,19
1700,5051061,5063.96,Travel,2023-09-14,9,Thursday,14
1701,5028468,7590.75,Travel,2023-05-15,5,Monday,15
1702,5009752,2392.93,Food,2023-03-04,3,Saturday,4
1703,5009754,3122.07,Food,2023-04-21,4,Friday,21
1704,5053941,118.94,Food,2023-11-09,11,Thursday,9
1706,5135636,6895.99,Food,2023-11-23,11,Thursday,23
1707,5051120,7764.0,Entertainment,2023-09-04,9,Monday,4
1708,5067444,8043.07,Entertainment,2023-03-21,3,Tuesday,21
1709,5010596,5708.89,Travel,2023-02-19,2,Sunday,19
1710,5112736,8711.11,Entertainment,2023-01-27,1,Friday,27
1711,5023261,2148.51,Unknown,2023-09-20,9,Wednesday,20
1712,5022063,6477.21,Food,2023-03-22,3,Wednesday,22
1713,5100464,4416.27,Bills,2023-01-27,1,Friday,27
1714,5050655,7927.14,Bills,2023-02-01,2,Wednesday,1
1715,5116883,5361.07,Food,2023-02-08,2,Wednesday,8
1716,5113510,3526.29,Travel,2023-03-28,3,Tuesday,28
1717,5105422,5604.45,Travel,2023-07-20,7,Thursday,20
1718,5105067,4177.57,Food,2023-04-21,4,Friday,21
1719,5136029,292.98,Food,2023-10-18,10,Wednesday,18
1720,5067982,3759.39,Food,2023-07-11,7,Tuesday,11
1721,5022571,3930.37,Food,2023-03-18,3,Saturday,18
1722,5029311,4252.77,Entertainment,2023-10-18,10,Wednesday,18
1724,5024352,8935.51,Shopping,2023-08-16,8,Wednesday,16
1725,5023491,5626.96,Bills,2023-06-20,6,Tuesday,20
1726,5069216,3903.7,Travel,2023-11-29,11,Wednesday,29
1727,5090126,8776.96,Unknown,2023-02-07,2,Tuesday,7
1729,5036319,7771.4,Shopping,2023-04-16,4,Sunday,16
1730,5113440,6632.81,Food,2023-01-18,1,Wednesday,18
1731,5092021,4447.81,Travel,2023-01-30,1,Monday,30
1732,5091735,9175.25,Travel,2023-07-11,7,Tuesday,11
1733,5088851,6554.72,Shopping,2023-08-07,8,Monday,7
1734,5066879,9277.58,Food,2023-03-03,3,Friday,3
1735,5067638,7198.38,Food,2023-10-26,10,Thursday,26
1736,5116478,2759.59,Food,2023-12-14,12,Thursday,14
1737,5028569,2556.99,Bills,2023-11-18,11,Saturday,18
1738,5089959,2185.26,Food,2023-11-05,11,Sunday,5
1739,5038897,5632.58,Travel,2023-06-17,6,Saturday,17
1740,5114114,1557.72,Unknown,2023-09-21,9,Thursday,21
1741,5117756,575.43,Travel,2023-09-17,9,Sunday,17
1742,5135938,2593.5,Shopping,2023-08-10,8,Thursday,10
1743,5139729,9816.23,Unknown,2023-10-02,10,Monday,2
1744,5025207,8381.92,Food,2023-07-08,7,Saturday,8
1745,5113291,2460.14,Food,2023-07-04,7,Tuesday,4
1746,5142599,3099.77,Bills,2023-11-17,11,Friday,17
1747,5091374,4347.1,Food,2023-05-31,5,Wednesday,31
1748,5029554,2828.08,Bills,2023-04-06,4,Thursday,6
1749,5099877,5507.82,Bills,2023-05-20,5,Saturday,20
1750,5053114,4484.43,Food,2023-09-25,9,Monday,25
1752,5065348,1655.41,Bills,2023-04-06,4,Thursday,6
1753,5148812,8160.82,Bills,2023-02-07,2,Tuesday,7
1754,5096059,8308.81,Food,2023-08-22,8,Tuesday,22
1755,5113288,3648.96,Unknown,2023-07-14,7,Friday,14
1756,5067299,4537.76,Unknown,2023-01-28,1,Saturday,28
1757,5100430,524.12,Unknown,2023-09-24,9,Sunday,24
1758,5028946,3426.81,Unknown,2023-11-12,11,Sunday,12
1759,5024077,6441.2,Shopping,2023-11-26,11,Sunday,26
1760,5148915,7741.17,Bills,2023-04-11,4,Tuesday,11
1761,5053744,8195.07,Travel,2023-12-17,12,Sunday,17
1762,5114060,3675.89,Unknown,2023-02-26,2,Sunday,26
1763,5142733,2303.17,Entertainment,2023-07-18,7,Tuesday,18
1764,5041921,4251.26,Travel,2023-10-22,10,Sunday,22
1765,5117392,8875.28,Travel,2023-12-28,12,Thursday,28
1767,5010078,4213.57,Food,2023-06-11,6,Sunday,11
1768,5089770,130.04,Travel,2023-12-04,12,Monday,4
1769,5010226,5100.83,Travel,2023-05-30,5,Tuesday,30
1770,5079075,9762.05,Entertainment,2023-12-02,12,Saturday,2
1771,5053790,2249.12,Shopping,2023-11-23,11,Thursday,23
1772,5135345,2765.45,Entertainment,2023-09-19,9,Tuesday,19
1773,5021775,1429.46,Shopping,2023-01-14,1,Saturday,14
1774,5029311,2513.5,Entertainment,2023-02-14,2,Tuesday,14
1775,5092221,9364.76,Food,2023-09-03,9,Sunday,3
1776,5088101,2282.37,Bills,2023-04-04,4,Tuesday,4
1777,5116056,7233.45,Food,2023-09-17,9,Sunday,17
1778,5053646,4861.36,Bills,2023-03-20,3,Monday,20
1779,5054188,2395.24,Travel,2023-08-18,8,Friday,18
1780,5045895,7421.14,Shopping,2023-04-30,4,Sunday,30
1781,5028802,7841.1,Entertainment,2023-03-22,3,Wednesday,22
1782,5068470,5899.59,Bills,2023-12-31,12,Sunday,31
1783,5069380,3027.39,Travel,2023-03-28,3,Tuesday,28
1784,5095896,5223.71,Travel,2023-05-27,5,Saturday,27
1785,5048642,1938.07,Food,2023-08-16,8,Wednesday,16
1786,5061773,9571.27,Bills,2023-03-19,3,Sunday,19
1789,5068523,1911.65,Unknown,2023-05-14,5,Sunday,14
1790,5024352,6156.46,Entertainment,2023-05-14,5,Sunday,14
1791,5010172,4535.24,Shopping,2023-07-13,7,Thursday,13
1792,5023831,7715.96,Entertainment,2023-10-04,10,Wednesday,4
1793,5126101,6074.96,Food,2023-11-14,11,Tuesday,14
1794,5090039,900.01,Bills,2023-08-16,8,Wednesday,16
1795,5137229,2510.24,Unknown,2023-06-11,6,Sunday,11
1798,5022676,7038.17,Entertainment,2023-11-11,11,Saturday,11
1799,5114643,7283.46,Travel,2023-10-14,10,Saturday,14
