customer_id,Total_Transactions,Total_Spending,Average_Transaction,First_Transaction,Last_Transaction,Spending_Segment,Recency_Days,Recency_Segment
5008827,2,17536.09,8768.045,2023-01-07,2023-11-09,High Spending,53,High Recency
5008889,1,838.65,838.65,2023-09-04,2023-09-04,Low Spending,119,Medium Recency
5009023,1,7547.11,7547.11,2023-02-16,2023-02-16,Medium Spending,319,Low Recency
5009053,2,6646.09,3323.045,2023-06-05,2023-07-15,Medium Spending,170,Medium Recency
5009074,1,4384.31,4384.31,2023-04-03,2023-04-03,Low Spending,273,Low Recency
5009118,1,5722.9,5722.9,2023-05-05,2023-05-05,Medium Spending,241,Low Recency
5009146,1,6307.82,6307.82,2023-11-29,2023-11-29,Medium Spending,33,High Recency
5009195,1,7399.02,7399.02,2023-08-27,2023-08-27,Medium Spending,127,Medium Recency
5009207,1,7979.49,7979.49,2023-12-01,2023-12-01,Medium Spending,31,High Recency
5009269,1,9903.49,9903.49,2023-12-13,2023-12-13,Medium Spending,19,High Recency
5009291,2,7753.09,3876.545,2023-04-05,2023-12-06,Medium Spending,26,High Recency
5009301,1,5935.0,5935.0,2023-07-13,2023-07-13,Medium Spending,172,Medium Recency
5009319,1,7414.68,7414.68,2023-09-19,2023-09-19,Medium Spending,104,Medium Recency
5009443,1,7746.23,7746.23,2023-07-09,2023-07-09,Medium Spending,176,Medium Recency
5009472,2,12112.16,6056.08,2023-02-05,2023-05-27,High Spending,219,Low Recency
5009579,1,1639.58,1639.58,2023-11-01,2023-11-01,Low Spending,61,High Recency
5009586,2,16039.19,8019.595,2023-02-06,2023-05-08,High Spending,238,Low Recency
5009739,2,3945.6499999999996,1972.8249999999998,2023-01-05,2023-10-01,Low Spending,92,Medium Recency
5009744,3,12394.41,4131.47,2023-03-03,2023-03-26,High Spending,281,Low Recency
5009746,2,7423.03,3711.515,2023-07-25,2023-12-03,Medium Spending,29,High Recency
5009752,2,4645.58,2322.79,2023-03-04,2023-03-23,Medium Spending,284,Low Recency
5009754,2,5173.9,2586.95,2023-02-07,2023-04-21,Medium Spending,255,Low Recency
5009790,1,8675.84,8675.84,2023-10-13,2023-10-13,Medium Spending,80,High Recency
5009791,1,5245.59,5245.59,2023-05-18,2023-05-18,Medium Spending,228,Low Recency
5009821,1,1956.51,1956.51,2023-10-05,2023-10-05,Low Spending,88,High Recency
5009845,2,3284.0600000000004,1642.0300000000002,2023-04-29,2023-05-16,Low Spending,230,Low Recency
5009918,1,355.31,355.31,2023-01-25,2023-01-25,Low Spending,341,Low Recency
5009941,2,8389.119999999999,4194.5599999999995,2023-04-19,2023-05-13,Medium Spending,233,Low Recency
5010025,2,2268.57,1134.285,2023-05-07,2023-09-24,Low Spending,99,Medium Recency
5010032,1,4677.0,4677.0,2023-12-07,2023-12-07,Medium Spending,25,High Recency
5010078,1,4213.57,4213.57,2023-06-11,2023-06-11,Low Spending,204,Low Recency
5010172,3,21008.2,7002.733333333334,2023-03-25,2023-07-13,High Spending,172,Medium Recency
5010185,2,11027.32,5513.66,2023-02-03,2023-08-17,High Spending,137,Medium Recency
5010202,2,5467.29,2733.645,2023-02-10,2023-09-22,Medium Spending,101,Medium Recency
5010203,2,12873.45,6436.725,2023-03-29,2023-08-08,High Spending,146,Medium Recency
5010218,2,12659.320000000002,6329.660000000001,2023-07-12,2023-08-12,High Spending,142,Medium Recency
5010225,2,12681.57,6340.785,2023-03-21,2023-11-12,High Spending,50,High Recency
5010226,1,5100.83,5100.83,2023-05-30,2023-05-30,Medium Spending,216,Low Recency
5010238,2,1825.93,912.965,2023-03-15,2023-10-10,Low Spending,83,High Recency
5010303,1,3926.94,3926.94,2023-02-25,2023-02-25,Low Spending,310,Low Recency
5010344,1,5916.89,5916.89,2023-12-25,2023-12-25,Medium Spending,7,High Recency
5010397,1,3774.58,3774.58,2023-01-18,2023-01-18,Low Spending,348,Low Recency
5010435,1,1907.74,1907.74,2023-01-28,2023-01-28,Low Spending,338,Low Recency
5010498,1,4457.29,4457.29,2023-05-20,2023-05-20,Medium Spending,226,Low Recency
5010526,3,8005.110000000001,2668.3700000000003,2023-05-17,2023-12-30,Medium Spending,2,High Recency
5010596,3,13305.380000000001,4435.126666666667,2023-02-19,2023-04-14,High Spending,262,Low Recency
5010864,1,9935.01,9935.01,2023-09-14,2023-09-14,Medium Spending,109,Medium Recency
5010865,3,12517.710000000001,4172.570000000001,2023-03-09,2023-10-22,High Spending,71,High Recency
5010874,1,4354.08,4354.08,2023-08-24,2023-08-24,Low Spending,130,Medium Recency
5010881,1,2926.65,2926.65,2023-01-07,2023-01-07,Low Spending,359,Low Recency
5018461,1,9527.79,9527.79,2024-01-01,2024-01-01,Medium Spending,0,High Recency
5018471,1,9042.44,9042.44,2023-01-02,2023-01-02,Medium Spending,364,Low Recency
5018498,1,4998.55,4998.55,2023-04-17,2023-04-17,Medium Spending,259,Low Recency
5018503,3,9046.58,3015.5266666666666,2023-05-11,2023-08-16,Medium Spending,138,Medium Recency
5018505,1,5148.79,5148.79,2023-05-03,2023-05-03,Medium Spending,243,Low Recency
5021214,1,6249.18,6249.18,2023-10-23,2023-10-23,Medium Spending,70,High Recency
5021267,3,8499.11,2833.036666666667,2023-01-19,2023-10-22,Medium Spending,71,High Recency
5021293,1,632.53,632.53,2023-04-26,2023-04-26,Low Spending,250,Low Recency
5021303,2,7874.75,3937.375,2023-01-09,2023-02-07,Medium Spending,328,Low Recency
5021430,1,8405.21,8405.21,2023-11-22,2023-11-22,Medium Spending,40,High Recency
5021431,1,5502.76,5502.76,2023-02-26,2023-02-26,Medium Spending,309,Low Recency
5021445,4,16390.190000000002,4097.547500000001,2023-01-09,2023-12-01,High Spending,31,High Recency
5021490,2,11422.12,5711.06,2023-03-05,2023-04-05,High Spending,271,Low Recency
5021584,2,12283.41,6141.705,2023-03-27,2023-04-01,High Spending,275,Low Recency
5021693,1,3227.97,3227.97,2023-04-14,2023-04-14,Low Spending,262,Low Recency
5021730,1,8564.58,8564.58,2023-07-31,2023-07-31,Medium Spending,154,Medium Recency
5021737,2,7650.24,3825.12,2023-10-27,2023-11-20,Medium Spending,42,High Recency
5021775,4,12679.73,3169.9325,2023-01-14,2023-10-02,High Spending,91,Medium Recency
5021879,2,5485.86,2742.93,2023-07-31,2023-12-23,Medium Spending,9,High Recency
5022015,2,10516.84,5258.42,2023-02-09,2023-02-25,Medium Spending,310,Low Recency
5022041,2,9507.45,4753.725,2023-03-27,2023-05-06,Medium Spending,240,Low Recency
5022047,1,8478.63,8478.63,2023-09-26,2023-09-26,Medium Spending,97,Medium Recency
5022053,1,6824.49,6824.49,2023-04-14,2023-04-14,Medium Spending,262,Low Recency
5022063,1,6477.21,6477.21,2023-03-22,2023-03-22,Medium Spending,285,Low Recency
5022118,1,3193.78,3193.78,2023-09-27,2023-09-27,Low Spending,96,Medium Recency
5022136,1,6007.21,6007.21,2023-04-28,2023-04-28,Medium Spending,248,Low Recency
5022156,2,12447.8,6223.9,2023-02-18,2023-03-19,High Spending,288,Low Recency
5022189,4,23085.809999999998,5771.452499999999,2023-01-28,2023-09-15,High Spending,108,Medium Recency
5022243,3,16268.09,5422.696666666667,2023-04-11,2023-08-20,High Spending,134,Medium Recency
5022326,1,6285.35,6285.35,2023-02-09,2023-02-09,Medium Spending,326,Low Recency
5022343,2,11492.09,5746.045,2023-07-12,2023-12-28,High Spending,4,High Recency
5022373,1,7891.88,7891.88,2023-10-11,2023-10-11,Medium Spending,82,High Recency
5022449,2,13507.279999999999,6753.639999999999,2023-12-30,2023-12-31,High Spending,1,High Recency
5022571,3,14403.68,4801.2266666666665,2023-03-18,2023-07-07,High Spending,178,Medium Recency
5022612,1,8299.06,8299.06,2023-06-29,2023-06-29,Medium Spending,186,Medium Recency
5022617,1,7270.25,7270.25,2023-07-03,2023-07-03,Medium Spending,182,Medium Recency
5022676,2,16421.28,8210.64,2023-11-11,2023-11-12,High Spending,50,High Recency
5022730,2,9668.01,4834.005,2023-06-04,2023-07-31,Medium Spending,154,Medium Recency
5022756,1,428.37,428.37,2023-03-21,2023-03-21,Low Spending,286,Low Recency
5022803,1,9859.96,9859.96,2023-06-16,2023-06-16,Medium Spending,199,Medium Recency
5022833,1,1193.45,1193.45,2023-05-10,2023-05-10,Low Spending,236,Low Recency
5022918,1,5864.51,5864.51,2023-04-07,2023-04-07,Medium Spending,269,Low Recency
5022930,2,6012.110000000001,3006.0550000000003,2023-04-16,2023-04-29,Medium Spending,247,Low Recency
5022954,3,9807.56,3269.1866666666665,2023-09-07,2023-11-28,Medium Spending,34,High Recency
5023089,3,22352.73,7450.91,2023-01-10,2023-10-30,High Spending,63,High Recency
5023092,3,15056.220000000001,5018.740000000001,2023-04-11,2023-09-15,High Spending,108,Medium Recency
5023147,3,12144.400000000001,4048.1333333333337,2023-01-27,2023-12-13,High Spending,19,High Recency
5023177,2,11264.44,5632.22,2023-03-02,2023-11-13,High Spending,49,High Recency
5023186,1,9456.3,9456.3,2023-06-27,2023-06-27,Medium Spending,188,Medium Recency
5023209,1,9501.48,9501.48,2023-09-26,2023-09-26,Medium Spending,97,Medium Recency
5023231,1,8932.23,8932.23,2023-06-19,2023-06-19,Medium Spending,196,Medium Recency
5023261,2,6592.58,3296.29,2023-09-20,2023-09-20,Medium Spending,103,Medium Recency
5023280,1,432.1,432.1,2023-09-16,2023-09-16,Low Spending,107,Medium Recency
5023389,1,8022.11,8022.11,2023-11-11,2023-11-11,Medium Spending,51,High Recency
5023410,1,7462.32,7462.32,2023-01-23,2023-01-23,Medium Spending,343,Low Recency
5023475,1,3431.26,3431.26,2023-12-27,2023-12-27,Low Spending,5,High Recency
5023491,1,5626.96,5626.96,2023-06-20,2023-06-20,Medium Spending,195,Medium Recency
5023527,2,15797.27,7898.635,2023-02-13,2023-11-09,High Spending,53,High Recency
5023563,1,6599.74,6599.74,2023-06-11,2023-06-11,Medium Spending,204,Low Recency
5023587,1,7225.36,7225.36,2023-12-15,2023-12-15,Medium Spending,17,High Recency
5023692,2,13575.48,6787.74,2023-06-24,2023-08-31,High Spending,123,Medium Recency
5023706,2,1029.32,514.66,2023-01-07,2023-05-20,Low Spending,226,Low Recency
5023781,1,9982.48,9982.48,2023-03-03,2023-03-03,Medium Spending,304,Low Recency
5023816,1,3709.77,3709.77,2023-03-18,2023-03-18,Low Spending,289,Low Recency
5023831,3,14720.29,4906.763333333333,2023-07-11,2023-10-04,High Spending,89,High Recency
5023877,1,7571.26,7571.26,2023-10-27,2023-10-27,Medium Spending,66,High Recency
5023914,5,35611.53,7122.306,2023-01-23,2023-09-14,High Spending,109,Medium Recency
5024033,2,8843.92,4421.96,2023-03-29,2023-11-15,Medium Spending,47,High Recency
5024049,1,7977.65,7977.65,2023-08-10,2023-08-10,Medium Spending,144,Medium Recency
5024071,1,4966.64,4966.64,2023-05-23,2023-05-23,Medium Spending,223,Low Recency
5024077,2,8059.24,4029.62,2023-08-19,2023-11-26,Medium Spending,36,High Recency
5024096,1,5628.14,5628.14,2023-06-24,2023-06-24,Medium Spending,191,Medium Recency
5024148,1,3835.6,3835.6,2023-07-24,2023-07-24,Low Spending,161,Medium Recency
5024213,2,8109.969999999999,4054.9849999999997,2023-05-25,2023-05-27,Medium Spending,219,Low Recency
5024238,1,5394.83,5394.83,2023-12-31,2023-12-31,Medium Spending,1,High Recency
5024258,4,20529.11,5132.2775,2023-03-04,2023-12-15,High Spending,17,High Recency
5024263,2,12055.17,6027.585,2023-04-19,2023-06-23,High Spending,192,Medium Recency
5024352,3,19138.74,6379.580000000001,2023-05-08,2023-08-16,High Spending,138,Medium Recency
5024386,1,4778.17,4778.17,2023-06-01,2023-06-01,Medium Spending,214,Low Recency
5024527,2,5415.51,2707.755,2023-09-24,2023-09-25,Medium Spending,98,Medium Recency
5024582,1,1045.28,1045.28,2023-06-04,2023-06-04,Low Spending,211,Low Recency
5024586,2,9192.19,4596.095,2023-04-12,2023-12-27,Medium Spending,5,High Recency
5024592,1,2281.23,2281.23,2023-05-04,2023-05-04,Low Spending,242,Low Recency
5024604,2,7164.67,3582.335,2023-09-02,2023-12-02,Medium Spending,30,High Recency
5024666,1,8448.46,8448.46,2023-03-21,2023-03-21,Medium Spending,286,Low Recency
5024670,1,6571.18,6571.18,2023-12-21,2023-12-21,Medium Spending,11,High Recency
5024726,1,5516.09,5516.09,2023-01-31,2023-01-31,Medium Spending,335,Low Recency
5024838,1,5061.19,5061.19,2023-03-25,2023-03-25,Medium Spending,282,Low Recency
5024916,3,17387.84,5795.946666666667,2023-04-09,2023-10-13,High Spending,80,High Recency
5024925,1,4230.12,4230.12,2023-10-21,2023-10-21,Low Spending,72,High Recency
5025020,2,11686.11,5843.055,2023-05-18,2023-07-17,High Spending,168,Medium Recency
5025029,1,7311.61,7311.61,2023-03-03,2023-03-03,Medium Spending,304,Low Recency
5025047,1,5567.69,5567.69,2023-04-21,2023-04-21,Medium Spending,255,Low Recency
5025161,1,6834.94,6834.94,2023-05-01,2023-05-01,Medium Spending,245,Low Recency
5025207,1,8381.92,8381.92,2023-07-08,2023-07-08,Medium Spending,177,Medium Recency
5025791,1,4195.8,4195.8,2023-04-09,2023-04-09,Low Spending,267,Low Recency
5025936,1,7174.73,7174.73,2023-02-25,2023-02-25,Medium Spending,310,Low Recency
5026178,1,8349.67,8349.67,2023-06-03,2023-06-03,Medium Spending,212,Low Recency
5028280,1,8357.16,8357.16,2023-05-29,2023-05-29,Medium Spending,217,Low Recency
5028302,1,9649.9,9649.9,2023-01-30,2023-01-30,Medium Spending,336,Low Recency
5028337,1,6100.03,6100.03,2023-01-01,2023-01-01,Medium Spending,365,Low Recency
5028446,1,459.51,459.51,2023-03-24,2023-03-24,Low Spending,283,Low Recency
5028468,2,16232.91,8116.455,2023-05-15,2023-10-29,High Spending,64,High Recency
5028569,2,3265.71,1632.855,2023-01-10,2023-11-18,Low Spending,44,High Recency
5028572,2,12232.26,6116.13,2023-05-23,2023-09-23,High Spending,100,Medium Recency
5028580,1,3466.89,3466.89,2023-01-16,2023-01-16,Low Spending,350,Low Recency
5028615,1,885.67,885.67,2023-06-02,2023-06-02,Low Spending,213,Low Recency
5028697,1,6636.62,6636.62,2023-02-23,2023-02-23,Medium Spending,312,Low Recency
5028726,2,7422.61,3711.305,2023-08-08,2023-09-24,Medium Spending,99,Medium Recency
5028737,2,10061.11,5030.555,2023-07-27,2023-12-04,Medium Spending,28,High Recency
5028781,1,9916.78,9916.78,2023-11-21,2023-11-21,Medium Spending,41,High Recency
5028802,2,17785.65,8892.825,2023-03-22,2023-10-03,High Spending,90,High Recency
5028907,3,14139.74,4713.246666666667,2023-07-19,2023-09-29,High Spending,94,Medium Recency
5028909,6,36185.46000000001,6030.910000000001,2023-03-05,2023-10-27,High Spending,66,High Recency
5028919,1,3669.86,3669.86,2023-03-31,2023-03-31,Low Spending,276,Low Recency
5028930,1,657.46,657.46,2023-01-08,2023-01-08,Low Spending,358,Low Recency
5028946,1,3426.81,3426.81,2023-11-12,2023-11-12,Low Spending,50,High Recency
5028990,3,14516.02,4838.673333333333,2023-03-30,2023-10-25,High Spending,68,High Recency
5029028,2,14669.54,7334.77,2023-05-16,2023-07-30,High Spending,155,Medium Recency
5029108,1,480.26,480.26,2023-01-09,2023-01-09,Low Spending,357,Low Recency
5029152,1,8046.39,8046.39,2023-08-15,2023-08-15,Medium Spending,139,Medium Recency
5029184,1,1395.71,1395.71,2023-12-23,2023-12-23,Low Spending,9,High Recency
5029191,2,7824.860000000001,3912.4300000000003,2023-02-10,2023-04-04,Medium Spending,272,Low Recency
5029194,1,2159.9,2159.9,2023-01-07,2023-01-07,Low Spending,359,Low Recency
5029251,1,8522.63,8522.63,2023-02-05,2023-02-05,Medium Spending,330,Low Recency
5029256,1,2183.5,2183.5,2023-12-16,2023-12-16,Low Spending,16,High Recency
5029311,3,14500.880000000001,4833.626666666667,2023-02-14,2023-10-18,High Spending,75,High Recency
5029348,1,8332.24,8332.24,2023-01-13,2023-01-13,Medium Spending,353,Low Recency
5029352,1,539.26,539.26,2023-02-25,2023-02-25,Low Spending,310,Low Recency
5029400,1,7804.83,7804.83,2023-08-23,2023-08-23,Medium Spending,131,Medium Recency
5029423,2,4745.3,2372.65,2023-02-24,2023-08-20,Medium Spending,134,Medium Recency
5029529,2,5388.49,2694.245,2023-03-02,2023-08-31,Medium Spending,123,Medium Recency
5029538,1,6890.46,6890.46,2023-08-02,2023-08-02,Medium Spending,152,Medium Recency
5029544,2,13306.15,6653.075,2023-09-08,2023-11-21,High Spending,41,High Recency
5029554,1,2828.08,2828.08,2023-04-06,2023-04-06,Low Spending,270,Low Recency
5029610,2,10704.83,5352.415,2023-03-22,2023-10-30,Medium Spending,63,High Recency
5029725,3,21110.36,7036.786666666667,2023-01-06,2023-12-22,High Spending,10,High Recency
5033418,1,5080.76,5080.76,2023-06-24,2023-06-24,Medium Spending,191,Medium Recency
5033439,1,336.26,336.26,2023-04-24,2023-04-24,Low Spending,252,Low Recency
5033447,1,3427.92,3427.92,2023-05-21,2023-05-21,Low Spending,225,Low Recency
5033452,1,7717.02,7717.02,2023-07-22,2023-07-22,Medium Spending,163,Medium Recency
5033453,1,5580.37,5580.37,2023-01-04,2023-01-04,Medium Spending,362,Low Recency
5033496,1,8384.25,8384.25,2023-01-25,2023-01-25,Medium Spending,341,Low Recency
5033500,1,1957.17,1957.17,2023-11-19,2023-11-19,Low Spending,43,High Recency
5033514,5,23892.25,4778.45,2023-02-23,2023-08-03,High Spending,151,Medium Recency
5033608,1,1137.87,1137.87,2023-02-28,2023-02-28,Low Spending,307,Low Recency
5033628,1,8449.86,8449.86,2023-11-14,2023-11-14,Medium Spending,48,High Recency
5033659,1,6621.14,6621.14,2023-05-19,2023-05-19,Medium Spending,227,Low Recency
5033714,2,12016.98,6008.49,2023-01-13,2023-09-28,High Spending,95,Medium Recency
5033728,2,10186.01,5093.005,2023-05-14,2023-11-27,Medium Spending,35,High Recency
5033729,2,5290.27,2645.135,2023-11-29,2023-12-16,Medium Spending,16,High Recency
5033788,1,7458.8,7458.8,2023-10-24,2023-10-24,Medium Spending,69,High Recency
5033797,3,17960.16,5986.72,2023-03-31,2023-12-22,High Spending,10,High Recency
5033814,4,29147.68,7286.92,2023-05-02,2023-09-01,High Spending,122,Medium Recency
5033817,1,2222.46,2222.46,2023-08-06,2023-08-06,Low Spending,148,Medium Recency
5033884,3,15434.39,5144.796666666666,2023-04-15,2023-11-12,High Spending,50,High Recency
5033895,1,6603.05,6603.05,2023-03-08,2023-03-08,Medium Spending,299,Low Recency
5033906,1,7432.51,7432.51,2023-11-03,2023-11-03,Medium Spending,59,High Recency
5033916,4,5751.07,1437.7675,2023-03-30,2023-10-19,Medium Spending,74,High Recency
5033966,3,14800.490000000002,4933.496666666667,2023-03-28,2023-09-15,High Spending,108,Medium Recency
5035418,1,5763.37,5763.37,2023-05-16,2023-05-16,Medium Spending,230,Low Recency
5035546,1,2821.34,2821.34,2023-02-12,2023-02-12,Low Spending,323,Low Recency
5035627,3,14019.19,4673.0633333333335,2023-01-21,2023-08-13,High Spending,141,Medium Recency
5035682,1,1565.99,1565.99,2023-12-26,2023-12-26,Low Spending,6,High Recency
5035688,1,8563.73,8563.73,2023-06-27,2023-06-27,Medium Spending,188,Medium Recency
5035866,1,8899.74,8899.74,2023-06-12,2023-06-12,Medium Spending,203,Medium Recency
5036319,1,7771.4,7771.4,2023-04-16,2023-04-16,Medium Spending,260,Low Recency
5036469,1,5162.2,5162.2,2023-06-28,2023-06-28,Medium Spending,187,Medium Recency
5036474,2,15379.470000000001,7689.735000000001,2023-04-27,2023-06-29,High Spending,186,Medium Recency
5036648,1,7944.32,7944.32,2023-05-31,2023-05-31,Medium Spending,215,Low Recency
5036660,2,15011.27,7505.635,2023-03-24,2023-09-07,High Spending,116,Medium Recency
5036765,2,15438.85,7719.425,2023-03-27,2023-09-26,High Spending,97,Medium Recency
5036828,1,980.49,980.49,2023-01-17,2023-01-17,Low Spending,349,Low Recency
5036881,1,3350.81,3350.81,2023-10-09,2023-10-09,Low Spending,84,High Recency
5036926,1,158.43,158.43,2023-11-07,2023-11-07,Low Spending,55,High Recency
5036936,2,10604.52,5302.26,2023-02-14,2023-12-23,Medium Spending,9,High Recency
5036996,1,6500.31,6500.31,2023-12-30,2023-12-30,Medium Spending,2,High Recency
5037008,1,3785.99,3785.99,2023-10-01,2023-10-01,Low Spending,92,Medium Recency
5037088,2,10790.51,5395.255,2023-04-12,2023-04-28,High Spending,248,Low Recency
5037157,1,8123.18,8123.18,2023-09-19,2023-09-19,Medium Spending,104,Medium Recency
5037169,2,5662.34,2831.17,2023-05-14,2023-07-27,Medium Spending,158,Medium Recency
5037202,1,5035.22,5035.22,2023-08-06,2023-08-06,Medium Spending,148,Medium Recency
5037212,3,14915.81,4971.9366666666665,2023-02-03,2023-10-20,High Spending,73,High Recency
5037247,2,12108.67,6054.335,2023-04-06,2023-11-25,High Spending,37,High Recency
5037254,2,3821.6899999999996,1910.8449999999998,2023-02-26,2023-09-21,Low Spending,102,Medium Recency
5037266,1,3250.55,3250.55,2023-12-24,2023-12-24,Low Spending,8,High Recency
5038510,1,4255.27,4255.27,2023-12-12,2023-12-12,Low Spending,20,High Recency
5038582,1,2221.72,2221.72,2023-10-23,2023-10-23,Low Spending,70,High Recency
5038619,1,8283.9,8283.9,2023-09-23,2023-09-23,Medium Spending,100,Medium Recency
5038723,2,10961.77,5480.885,2023-10-17,2023-11-25,High Spending,37,High Recency
5038814,1,5084.81,5084.81,2023-10-22,2023-10-22,Medium Spending,71,High Recency
5038845,1,5889.82,5889.82,2023-09-26,2023-09-26,Medium Spending,97,Medium Recency
5038897,2,10942.66,5471.33,2023-03-20,2023-06-17,High Spending,198,Medium Recency
5038932,1,8583.84,8583.84,2023-08-15,2023-08-15,Medium Spending,139,Medium Recency
5041066,1,2706.57,2706.57,2023-08-05,2023-08-05,Low Spending,149,Medium Recency
5041073,1,746.24,746.24,2023-09-25,2023-09-25,Low Spending,98,Medium Recency
5041271,2,7394.26,3697.13,2023-05-14,2023-09-24,Medium Spending,99,Medium Recency
5041273,1,7433.12,7433.12,2023-03-06,2023-03-06,Medium Spending,301,Low Recency
5041307,1,1286.2,1286.2,2023-01-20,2023-01-20,Low Spending,346,Low Recency
5041320,2,11659.779999999999,5829.889999999999,2023-02-27,2023-04-28,High Spending,248,Low Recency
5041355,1,9226.85,9226.85,2023-01-17,2023-01-17,Medium Spending,349,Low Recency
5041474,2,10993.119999999999,5496.5599999999995,2023-05-07,2023-05-14,High Spending,232,Low Recency
5041520,1,8852.75,8852.75,2023-03-26,2023-03-26,Medium Spending,281,Low Recency
5041522,2,7201.71,3600.855,2023-05-02,2023-09-05,Medium Spending,118,Medium Recency
5041535,3,20232.260000000002,6744.086666666667,2023-02-26,2023-08-16,High Spending,138,Medium Recency
5041540,2,11248.77,5624.385,2023-01-25,2023-06-13,High Spending,202,Medium Recency
5041675,2,15426.02,7713.01,2023-04-02,2023-06-01,High Spending,214,Low Recency
5041739,1,2105.67,2105.67,2023-12-18,2023-12-18,Low Spending,14,High Recency
5041758,2,5845.969999999999,2922.9849999999997,2023-02-21,2023-06-25,Medium Spending,190,Medium Recency
5041869,2,6399.91,3199.955,2023-02-22,2023-04-16,Medium Spending,260,Low Recency
5041921,2,10005.07,5002.535,2023-06-15,2023-10-22,Medium Spending,71,High Recency
5041980,1,1713.05,1713.05,2023-04-08,2023-04-08,Low Spending,268,Low Recency
5042064,1,3886.26,3886.26,2023-12-14,2023-12-14,Low Spending,18,High Recency
5042232,3,12863.64,4287.88,2023-01-23,2023-10-02,High Spending,91,Medium Recency
5042286,1,3271.93,3271.93,2023-05-12,2023-05-12,Low Spending,234,Low Recency
5044478,1,1512.01,1512.01,2023-04-06,2023-04-06,Low Spending,270,Low Recency
5044594,3,24180.53,8060.176666666666,2023-09-27,2023-12-21,High Spending,11,High Recency
5044669,4,16541.77,4135.4425,2023-08-24,2023-11-10,High Spending,52,High Recency
5044860,2,5924.740000000001,2962.3700000000003,2023-01-22,2023-01-28,Medium Spending,338,Low Recency
5044940,1,7409.32,7409.32,2023-09-15,2023-09-15,Medium Spending,108,Medium Recency
5044987,2,11286.97,5643.485,2023-11-05,2023-11-23,High Spending,39,High Recency
5045070,1,4472.59,4472.59,2023-04-06,2023-04-06,Medium Spending,270,Low Recency
5045113,3,9117.869999999999,3039.2899999999995,2023-03-24,2023-10-25,Medium Spending,68,High Recency
5045255,3,12562.079999999998,4187.36,2023-02-08,2023-12-20,High Spending,12,High Recency
5045380,2,8011.78,4005.89,2023-07-08,2023-10-17,Medium Spending,76,High Recency
5045439,1,619.77,619.77,2023-04-15,2023-04-15,Low Spending,261,Low Recency
5045513,2,9076.01,4538.005,2023-01-05,2023-11-07,Medium Spending,55,High Recency
5045614,3,12480.77,4160.256666666667,2023-04-05,2023-10-16,High Spending,77,High Recency
5045623,1,2651.71,2651.71,2023-10-05,2023-10-05,Low Spending,88,High Recency
5045742,3,13907.560000000001,4635.8533333333335,2023-07-07,2023-11-26,High Spending,36,High Recency
5045798,3,16887.050000000003,5629.016666666667,2023-03-14,2023-09-12,High Spending,111,Medium Recency
5045800,2,11531.75,5765.875,2023-04-15,2023-07-12,High Spending,173,Medium Recency
5045850,1,9334.32,9334.32,2023-04-20,2023-04-20,Medium Spending,256,Low Recency
5045888,2,12057.14,6028.57,2023-03-03,2023-09-16,High Spending,107,Medium Recency
5045894,1,1042.51,1042.51,2023-12-11,2023-12-11,Low Spending,21,High Recency
5045895,1,7421.14,7421.14,2023-04-30,2023-04-30,Medium Spending,246,Low Recency
5045917,2,11814.619999999999,5907.3099999999995,2023-10-20,2023-11-16,High Spending,46,High Recency
5045992,1,4404.92,4404.92,2023-05-02,2023-05-02,Medium Spending,244,Low Recency
5046003,1,4551.9,4551.9,2023-10-21,2023-10-21,Medium Spending,72,High Recency
5046035,3,9601.91,3200.6366666666668,2023-05-07,2023-10-19,Medium Spending,74,High Recency
5046036,1,8578.12,8578.12,2023-04-26,2023-04-26,Medium Spending,250,Low Recency
5046083,3,13075.64,4358.546666666666,2023-06-11,2023-11-17,High Spending,45,High Recency
5046086,2,8234.49,4117.245,2023-09-05,2023-12-07,Medium Spending,25,High Recency
5046093,1,3465.85,3465.85,2023-07-31,2023-07-31,Low Spending,154,Medium Recency
5046191,1,9666.99,9666.99,2023-01-07,2023-01-07,Medium Spending,359,Low Recency
5046283,2,9702.85,4851.425,2023-01-22,2023-12-23,Medium Spending,9,High Recency
5046324,2,6293.19,3146.595,2023-04-24,2023-11-19,Medium Spending,43,High Recency
5046336,1,9211.67,9211.67,2023-05-22,2023-05-22,Medium Spending,224,Low Recency
5046340,1,5696.0,5696.0,2023-10-29,2023-10-29,Medium Spending,64,High Recency
5046362,3,6220.889999999999,2073.6299999999997,2023-07-14,2023-11-26,Medium Spending,36,High Recency
5046379,2,15890.69,7945.345,2023-10-12,2023-11-24,High Spending,38,High Recency
5046415,1,381.47,381.47,2023-11-19,2023-11-19,Low Spending,43,High Recency
5047853,1,7580.85,7580.85,2023-09-26,2023-09-26,Medium Spending,97,Medium Recency
5048300,3,18795.71,6265.236666666667,2023-01-24,2023-08-08,High Spending,146,Medium Recency
5048301,2,14319.17,7159.585,2023-06-19,2023-12-03,High Spending,29,High Recency
5048425,1,8625.26,8625.26,2023-11-01,2023-11-01,Medium Spending,61,High Recency
5048448,2,11324.86,5662.43,2023-01-09,2023-03-23,High Spending,284,Low Recency
5048478,1,4867.96,4867.96,2023-05-11,2023-05-11,Medium Spending,235,Low Recency
5048486,1,8638.46,8638.46,2023-02-03,2023-02-03,Medium Spending,332,Low Recency
5048542,1,2431.9,2431.9,2023-08-29,2023-08-29,Low Spending,125,Medium Recency
5048583,3,15738.420000000002,5246.14,2023-08-07,2023-11-30,High Spending,32,High Recency
5048642,2,8598.3,4299.15,2023-02-04,2023-08-16,Medium Spending,138,Medium Recency
5050440,2,14956.59,7478.295,2023-04-01,2023-04-08,High Spending,268,Low Recency
5050453,1,8205.4,8205.4,2023-10-08,2023-10-08,Medium Spending,85,High Recency
5050482,2,4089.4,2044.7,2023-04-14,2023-11-29,Low Spending,33,High Recency
5050603,1,6721.53,6721.53,2023-03-14,2023-03-14,Medium Spending,293,Low Recency
5050619,1,7300.92,7300.92,2023-10-12,2023-10-12,Medium Spending,81,High Recency
5050655,3,11901.61,3967.2033333333334,2023-02-01,2023-12-15,High Spending,17,High Recency
5050724,1,6275.31,6275.31,2023-01-05,2023-01-05,Medium Spending,361,Low Recency
5050756,1,1780.97,1780.97,2023-04-18,2023-04-18,Low Spending,258,Low Recency
5050768,2,7836.78,3918.39,2023-04-09,2023-08-06,Medium Spending,148,Medium Recency
5050793,2,10528.86,5264.43,2023-04-11,2023-06-24,Medium Spending,191,Medium Recency
5050853,2,10044.529999999999,5022.264999999999,2023-03-02,2023-03-28,Medium Spending,279,Low Recency
5050973,1,1643.4,1643.4,2023-02-19,2023-02-19,Low Spending,316,Low Recency
5050975,2,10040.560000000001,5020.280000000001,2023-07-01,2023-10-31,Medium Spending,62,High Recency
5051007,1,5957.24,5957.24,2023-11-13,2023-11-13,Medium Spending,49,High Recency
5051008,1,8363.49,8363.49,2023-05-18,2023-05-18,Medium Spending,228,Low Recency
5051061,1,5063.96,5063.96,2023-09-14,2023-09-14,Medium Spending,109,Medium Recency
5051097,1,2361.35,2361.35,2023-01-01,2023-01-01,Low Spending,365,Low Recency
5051120,3,16916.78,5638.926666666666,2023-05-04,2023-09-04,High Spending,119,Medium Recency
5051156,1,7735.19,7735.19,2023-10-23,2023-10-23,Medium Spending,70,High Recency
5051160,1,3369.45,3369.45,2023-01-30,2023-01-30,Low Spending,336,Low Recency
5051161,1,8381.39,8381.39,2023-04-13,2023-04-13,Medium Spending,263,Low Recency
5051187,2,6617.57,3308.785,2023-02-09,2023-12-26,Medium Spending,6,High Recency
5051240,1,7407.96,7407.96,2023-05-11,2023-05-11,Medium Spending,235,Low Recency
5052620,1,3071.74,3071.74,2023-04-30,2023-04-30,Low Spending,246,Low Recency
5052622,1,9901.48,9901.48,2023-08-14,2023-08-14,Medium Spending,140,Medium Recency
5052678,1,835.68,835.68,2023-09-18,2023-09-18,Low Spending,105,Medium Recency
5052722,1,5670.17,5670.17,2023-03-02,2023-03-02,Medium Spending,305,Low Recency
5052731,2,14330.93,7165.465,2023-03-14,2023-04-13,High Spending,263,Low Recency
5052739,2,7762.530000000001,3881.2650000000003,2023-06-21,2023-08-03,Medium Spending,151,Medium Recency
5052762,2,12614.9,6307.45,2023-01-26,2023-07-14,High Spending,171,Medium Recency
5052811,1,5660.24,5660.24,2023-05-06,2023-05-06,Medium Spending,240,Low Recency
5052865,2,12143.62,6071.81,2023-06-25,2023-12-15,High Spending,17,High Recency
5052877,2,7912.22,3956.11,2023-01-23,2023-09-06,Medium Spending,117,Medium Recency
5052879,1,6462.36,6462.36,2023-06-01,2023-06-01,Medium Spending,214,Low Recency
5052882,1,7890.49,7890.49,2023-12-07,2023-12-07,Medium Spending,25,High Recency
5052952,2,2466.49,1233.245,2023-09-30,2023-10-05,Low Spending,88,High Recency
5053003,1,7600.13,7600.13,2023-02-26,2023-02-26,Medium Spending,309,Low Recency
5053032,1,752.57,752.57,2023-03-12,2023-03-12,Low Spending,295,Low Recency
5053114,1,4484.43,4484.43,2023-09-25,2023-09-25,Medium Spending,98,Medium Recency
5053117,1,4928.21,4928.21,2023-08-02,2023-08-02,Medium Spending,152,Medium Recency
5053143,1,4215.27,4215.27,2023-09-24,2023-09-24,Low Spending,99,Medium Recency
5053152,1,438.13,438.13,2023-08-29,2023-08-29,Low Spending,125,Medium Recency
5053173,1,3405.61,3405.61,2023-09-22,2023-09-22,Low Spending,101,Medium Recency
5053182,2,16381.119999999999,8190.5599999999995,2023-05-20,2023-12-25,High Spending,7,High Recency
5053254,1,2202.99,2202.99,2023-07-24,2023-07-24,Low Spending,161,Medium Recency
5053354,1,2968.73,2968.73,2023-07-03,2023-07-03,Low Spending,182,Medium Recency
5053388,1,2517.49,2517.49,2023-11-13,2023-11-13,Low Spending,49,High Recency
5053472,1,6681.39,6681.39,2023-04-05,2023-04-05,Medium Spending,271,Low Recency
5053592,1,9655.2,9655.2,2023-08-23,2023-08-23,Medium Spending,131,Medium Recency
5053610,2,15366.33,7683.165,2023-05-19,2023-05-23,High Spending,223,Low Recency
5053642,1,4181.87,4181.87,2023-11-19,2023-11-19,Low Spending,43,High Recency
5053646,2,12126.529999999999,6063.264999999999,2023-03-20,2023-08-28,High Spending,126,Medium Recency
5053678,2,14120.039999999999,7060.0199999999995,2023-01-17,2023-07-03,High Spending,182,Medium Recency
5053744,3,18344.440000000002,6114.813333333334,2023-10-22,2023-12-17,High Spending,15,High Recency
5053790,2,8271.630000000001,4135.8150000000005,2023-10-28,2023-11-23,Medium Spending,39,High Recency
5053918,2,1761.0,880.5,2023-02-04,2023-12-16,Low Spending,16,High Recency
5053941,3,7020.05,2340.016666666667,2023-02-04,2023-11-09,Medium Spending,53,High Recency
5053980,2,8406.52,4203.26,2023-02-04,2023-11-28,Medium Spending,34,High Recency
5054058,2,6444.86,3222.43,2023-02-04,2023-11-26,Medium Spending,36,High Recency
5054068,1,925.58,925.58,2023-11-18,2023-11-18,Low Spending,44,High Recency
5054079,2,5071.91,2535.955,2023-02-27,2023-06-03,Medium Spending,212,Low Recency
5054097,2,15155.439999999999,7577.719999999999,2023-07-16,2023-11-25,High Spending,37,High Recency
5054099,3,18252.42,6084.139999999999,2023-04-26,2023-11-29,High Spending,33,High Recency
5054188,3,19330.96,6443.653333333333,2023-01-16,2023-11-14,High Spending,48,High Recency
5054228,2,9403.26,4701.63,2023-08-15,2023-12-06,Medium Spending,26,High Recency
5054384,3,12119.71,4039.903333333333,2023-02-14,2023-11-03,High Spending,59,High Recency
5054407,1,2443.51,2443.51,2023-02-27,2023-02-27,Low Spending,308,Low Recency
5054414,1,2206.15,2206.15,2023-12-07,2023-12-07,Low Spending,25,High Recency
5054453,1,6360.66,6360.66,2023-02-04,2023-02-04,Medium Spending,331,Low Recency
5054460,3,12591.779999999999,4197.259999999999,2023-02-17,2023-09-18,High Spending,105,Medium Recency
5054496,3,22197.940000000002,7399.313333333334,2023-06-12,2023-10-02,High Spending,91,Medium Recency
5054524,1,3834.4,3834.4,2023-04-16,2023-04-16,Low Spending,260,Low Recency
5054525,1,2386.29,2386.29,2023-12-04,2023-12-04,Low Spending,28,High Recency
5054625,2,9115.8,4557.9,2023-08-06,2023-11-11,Medium Spending,51,High Recency
5054626,1,5591.83,5591.83,2023-06-04,2023-06-04,Medium Spending,211,Low Recency
5054697,2,14741.36,7370.68,2023-10-22,2023-11-17,High Spending,45,High Recency
5054699,3,9280.96,3093.653333333333,2023-02-24,2023-06-28,Medium Spending,187,Medium Recency
5054733,1,6845.75,6845.75,2023-05-20,2023-05-20,Medium Spending,226,Low Recency
5054775,1,4207.18,4207.18,2023-10-15,2023-10-15,Low Spending,78,High Recency
5056077,2,11884.63,5942.315,2023-06-05,2023-08-16,High Spending,138,Medium Recency
5056149,2,4864.24,2432.12,2023-01-17,2023-10-06,Medium Spending,87,High Recency
5056179,2,14698.25,7349.125,2023-01-29,2023-04-30,High Spending,246,Low Recency
5056237,1,2604.37,2604.37,2023-04-09,2023-04-09,Low Spending,267,Low Recency
5058267,1,3419.04,3419.04,2023-10-25,2023-10-25,Low Spending,68,High Recency
5058271,1,9834.58,9834.58,2023-01-06,2023-01-06,Medium Spending,360,Low Recency
5058281,1,9641.95,9641.95,2023-12-11,2023-12-11,Medium Spending,21,High Recency
5058286,1,4109.41,4109.41,2023-04-28,2023-04-28,Low Spending,248,Low Recency
5058345,2,15241.609999999999,7620.804999999999,2023-06-01,2023-09-16,High Spending,107,Medium Recency
5058352,2,11292.939999999999,5646.469999999999,2023-03-21,2023-07-21,High Spending,164,Medium Recency
5058366,1,8268.27,8268.27,2023-10-31,2023-10-31,Medium Spending,62,High Recency
5058530,2,5177.46,2588.73,2023-10-21,2023-12-25,Medium Spending,7,High Recency
5061076,2,6847.8,3423.9,2023-06-09,2023-08-18,Medium Spending,136,Medium Recency
5061135,2,7525.84,3762.92,2023-08-26,2023-11-27,Medium Spending,35,High Recency
5061139,1,5129.13,5129.13,2023-08-28,2023-08-28,Medium Spending,126,Medium Recency
5061145,2,9335.54,4667.77,2023-06-28,2023-08-06,Medium Spending,148,Medium Recency
5061161,3,12710.05,4236.683333333333,2023-09-15,2023-10-31,High Spending,62,High Recency
5061207,1,8395.55,8395.55,2023-01-03,2023-01-03,Medium Spending,363,Low Recency
5061246,2,11287.130000000001,5643.5650000000005,2023-05-01,2023-05-26,High Spending,220,Low Recency
5061253,2,9162.380000000001,4581.1900000000005,2023-02-23,2023-08-01,Medium Spending,153,Medium Recency
5061321,3,19530.17,6510.056666666666,2023-01-17,2023-08-05,High Spending,149,Medium Recency
5061340,2,7466.25,3733.125,2023-08-19,2023-09-01,Medium Spending,122,Medium Recency
5061360,3,21583.510000000002,7194.503333333334,2023-04-11,2023-06-08,High Spending,207,Low Recency
5061500,2,11900.05,5950.025,2023-02-26,2023-03-05,High Spending,302,Low Recency
5061611,2,3690.27,1845.135,2023-04-09,2023-06-14,Low Spending,201,Medium Recency
5061636,1,5309.37,5309.37,2023-10-26,2023-10-26,Medium Spending,67,High Recency
5061773,2,10788.630000000001,5394.3150000000005,2023-03-07,2023-03-19,High Spending,288,Low Recency
5061832,1,7502.92,7502.92,2023-04-06,2023-04-06,Medium Spending,270,Low Recency
5061896,2,12259.630000000001,6129.8150000000005,2023-03-10,2023-10-04,High Spending,89,High Recency
5062011,1,1483.96,1483.96,2023-05-10,2023-05-10,Low Spending,236,Low Recency
5062016,1,6681.37,6681.37,2023-10-19,2023-10-19,Medium Spending,74,High Recency
5062131,2,10993.35,5496.675,2023-07-07,2023-08-21,High Spending,133,Medium Recency
5062214,1,966.39,966.39,2023-12-10,2023-12-10,Low Spending,22,High Recency
5062294,1,1314.2,1314.2,2023-10-18,2023-10-18,Low Spending,75,High Recency
5062334,1,1819.16,1819.16,2023-01-24,2023-01-24,Low Spending,342,Low Recency
5062362,1,3011.64,3011.64,2023-02-13,2023-02-13,Low Spending,322,Low Recency
5062407,1,8448.2,8448.2,2023-09-17,2023-09-17,Medium Spending,106,Medium Recency
5062525,2,11007.46,5503.73,2023-07-16,2023-11-12,High Spending,50,High Recency
5062594,1,3897.34,3897.34,2023-02-11,2023-02-11,Low Spending,324,Low Recency
5062670,1,9261.2,9261.2,2023-01-21,2023-01-21,Medium Spending,345,Low Recency
5062713,1,2016.07,2016.07,2023-09-16,2023-09-16,Low Spending,107,Medium Recency
5065335,2,1842.84,921.42,2023-01-14,2023-07-25,Low Spending,160,Medium Recency
5065342,1,2523.84,2523.84,2023-10-30,2023-10-30,Low Spending,63,High Recency
5065348,2,4237.77,2118.885,2023-03-01,2023-04-06,Low Spending,270,Low Recency
5065462,3,13632.11,4544.036666666667,2023-03-30,2023-10-17,High Spending,76,High Recency
5065477,2,12845.720000000001,6422.860000000001,2023-01-01,2023-08-12,High Spending,142,Medium Recency
5065673,1,9953.01,9953.01,2023-07-05,2023-07-05,Medium Spending,180,Medium Recency
5065704,2,7240.209999999999,3620.1049999999996,2023-01-08,2023-12-08,Medium Spending,24,High Recency
5065705,2,13088.0,6544.0,2023-01-06,2023-04-23,High Spending,253,Low Recency
5065723,3,18410.24,6136.746666666667,2023-02-05,2023-12-13,High Spending,19,High Recency
5065763,3,7624.74,2541.58,2023-03-22,2023-12-12,Medium Spending,20,High Recency
5065798,1,4412.47,4412.47,2023-04-13,2023-04-13,Medium Spending,263,Low Recency
5065808,1,8476.02,8476.02,2023-04-14,2023-04-14,Medium Spending,262,Low Recency
5065820,3,8351.29,2783.763333333334,2023-01-22,2023-10-18,Medium Spending,75,High Recency
5066507,1,794.49,794.49,2023-12-05,2023-12-05,Low Spending,27,High Recency
5066562,2,12265.76,6132.88,2023-07-24,2023-12-10,High Spending,22,High Recency
5066597,1,6962.16,6962.16,2023-07-06,2023-07-06,Medium Spending,179,Medium Recency
5066709,2,7378.07,3689.035,2023-07-07,2023-09-02,Medium Spending,121,Medium Recency
5066832,1,767.41,767.41,2023-07-01,2023-07-01,Low Spending,184,Medium Recency
5066843,2,13332.7,6666.35,2023-06-05,2023-12-20,High Spending,12,High Recency
5066865,1,2318.53,2318.53,2023-10-09,2023-10-09,Low Spending,84,High Recency
5066879,3,14496.57,4832.19,2023-03-03,2023-12-23,High Spending,9,High Recency
5066915,5,31113.980000000003,6222.796,2023-05-07,2023-10-03,High Spending,90,High Recency
5067016,1,4595.67,4595.67,2023-05-06,2023-05-06,Medium Spending,240,Low Recency
5067019,1,6007.17,6007.17,2023-12-09,2023-12-09,Medium Spending,23,High Recency
5067090,1,5432.91,5432.91,2023-03-17,2023-03-17,Medium Spending,290,Low Recency
5067102,1,5583.35,5583.35,2023-12-27,2023-12-27,Medium Spending,5,High Recency
5067182,1,177.27,177.27,2023-06-28,2023-06-28,Low Spending,187,Medium Recency
5067187,1,6504.37,6504.37,2023-07-13,2023-07-13,Medium Spending,172,Medium Recency
5067242,2,16458.989999999998,8229.494999999999,2023-05-07,2023-09-18,High Spending,105,Medium Recency
5067262,1,7557.47,7557.47,2023-04-18,2023-04-18,Medium Spending,258,Low Recency
5067299,3,16674.13,5558.043333333334,2023-01-28,2023-06-18,High Spending,197,Medium Recency
5067345,2,15123.45,7561.725,2023-03-13,2023-08-20,High Spending,134,Medium Recency
5067419,1,8558.12,8558.12,2023-01-16,2023-01-16,Medium Spending,350,Low Recency
5067444,1,8043.07,8043.07,2023-03-21,2023-03-21,Medium Spending,286,Low Recency
5067542,1,2765.17,2765.17,2023-02-14,2023-02-14,Low Spending,321,Low Recency
5067638,4,27758.61,6939.6525,2023-01-07,2023-10-26,High Spending,67,High Recency
5067653,1,7176.31,7176.31,2023-06-09,2023-06-09,Medium Spending,206,Low Recency
5067696,1,8543.77,8543.77,2023-06-13,2023-06-13,Medium Spending,202,Medium Recency
5067723,1,2934.1,2934.1,2023-07-29,2023-07-29,Low Spending,156,Medium Recency
5067729,2,3737.64,1868.82,2023-01-07,2023-10-11,Low Spending,82,High Recency
5067730,2,7771.7699999999995,3885.8849999999998,2023-05-12,2023-07-16,Medium Spending,169,Medium Recency
5067767,2,12178.2,6089.1,2023-01-05,2023-11-24,High Spending,38,High Recency
5067832,1,7173.49,7173.49,2023-01-04,2023-01-04,Medium Spending,362,Low Recency
5067924,2,15493.14,7746.57,2023-07-22,2023-10-09,High Spending,84,High Recency
5067926,2,10199.17,5099.585,2023-07-06,2023-11-07,Medium Spending,55,High Recency
5067961,1,4036.07,4036.07,2023-07-21,2023-07-21,Low Spending,164,Medium Recency
5067982,2,13496.08,6748.04,2023-05-11,2023-07-11,High Spending,174,Medium Recency
5068019,1,5937.51,5937.51,2023-01-23,2023-01-23,Medium Spending,343,Low Recency
5068038,1,8534.78,8534.78,2023-03-19,2023-03-19,Medium Spending,288,Low Recency
5068147,1,4599.6,4599.6,2023-06-04,2023-06-04,Medium Spending,211,Low Recency
5068156,1,5061.98,5061.98,2023-08-01,2023-08-01,Medium Spending,153,Medium Recency
5068196,1,1222.38,1222.38,2023-06-25,2023-06-25,Low Spending,190,Medium Recency
5068238,5,34208.86,6841.772,2023-01-24,2023-12-28,High Spending,4,High Recency
5068262,1,3644.13,3644.13,2023-06-30,2023-06-30,Low Spending,185,Medium Recency
5068310,1,8496.27,8496.27,2023-01-09,2023-01-09,Medium Spending,357,Low Recency
5068324,1,4002.58,4002.58,2023-07-16,2023-07-16,Low Spending,169,Medium Recency
5068339,1,1307.03,1307.03,2023-09-05,2023-09-05,Low Spending,118,Medium Recency
5068340,1,7014.07,7014.07,2023-03-26,2023-03-26,Medium Spending,281,Low Recency
5068367,2,13590.54,6795.27,2023-09-17,2023-12-13,High Spending,19,High Recency
5068378,2,12981.06,6490.53,2023-08-11,2023-12-21,High Spending,11,High Recency
5068389,1,8145.75,8145.75,2023-11-02,2023-11-02,Medium Spending,60,High Recency
5068456,2,8453.93,4226.965,2023-07-07,2023-12-10,Medium Spending,22,High Recency
5068465,1,7613.64,7613.64,2023-03-18,2023-03-18,Medium Spending,289,Low Recency
5068470,1,5899.59,5899.59,2023-12-31,2023-12-31,Medium Spending,1,High Recency
5068523,2,4603.16,2301.58,2023-05-14,2023-08-19,Medium Spending,135,Medium Recency
5068631,3,19239.18,6413.06,2023-03-31,2023-12-07,High Spending,25,High Recency
5068648,2,10858.37,5429.185,2023-02-23,2023-12-23,High Spending,9,High Recency
5068651,1,2156.01,2156.01,2023-09-27,2023-09-27,Low Spending,96,Medium Recency
5068671,1,9688.02,9688.02,2023-05-13,2023-05-13,Medium Spending,233,Low Recency
5068712,2,7885.32,3942.66,2023-07-11,2023-07-29,Medium Spending,156,Medium Recency
5068811,1,9348.69,9348.69,2023-11-14,2023-11-14,Medium Spending,48,High Recency
5068888,2,13226.0,6613.0,2023-08-28,2023-09-15,High Spending,108,Medium Recency
5068963,1,4936.71,4936.71,2023-01-26,2023-01-26,Medium Spending,340,Low Recency
5069007,1,1800.26,1800.26,2023-07-31,2023-07-31,Low Spending,154,Medium Recency
5069028,2,14121.1,7060.55,2023-06-22,2023-09-14,High Spending,109,Medium Recency
5069066,1,7613.51,7613.51,2023-09-14,2023-09-14,Medium Spending,109,Medium Recency
5069117,1,7804.7,7804.7,2023-10-08,2023-10-08,Medium Spending,85,High Recency
5069141,2,12474.74,6237.37,2023-09-10,2023-12-09,High Spending,23,High Recency
5069169,1,8654.62,8654.62,2023-09-19,2023-09-19,Medium Spending,104,Medium Recency
5069199,3,20033.76,6677.919999999999,2023-01-03,2023-10-16,High Spending,77,High Recency
5069216,5,19033.28,3806.656,2023-05-07,2023-12-17,High Spending,15,High Recency
5069257,1,6772.12,6772.12,2023-11-26,2023-11-26,Medium Spending,36,High Recency
5069292,1,6354.22,6354.22,2023-09-22,2023-09-22,Medium Spending,101,Medium Recency
5069296,1,2051.94,2051.94,2023-11-26,2023-11-26,Low Spending,36,High Recency
5069307,3,15944.68,5314.893333333333,2023-10-17,2023-12-27,High Spending,5,High Recency
5069380,3,17897.32,5965.7733333333335,2023-01-23,2023-06-14,High Spending,201,Medium Recency
5069399,3,18210.379999999997,6070.126666666666,2023-05-30,2023-08-25,High Spending,129,Medium Recency
5069466,1,5798.06,5798.06,2023-04-22,2023-04-22,Medium Spending,254,Low Recency
5074705,1,5225.81,5225.81,2023-10-10,2023-10-10,Medium Spending,83,High Recency
5078805,2,3862.55,1931.275,2023-07-16,2023-08-14,Low Spending,140,Medium Recency
5078841,1,6879.96,6879.96,2023-03-25,2023-03-25,Medium Spending,282,Low Recency
5078924,1,6808.27,6808.27,2023-11-17,2023-11-17,Medium Spending,45,High Recency
5078931,3,15859.31,5286.4366666666665,2023-01-29,2023-04-19,High Spending,257,Low Recency
5078945,2,13958.380000000001,6979.1900000000005,2023-03-12,2023-06-27,High Spending,188,Medium Recency
5078946,1,9684.62,9684.62,2023-10-28,2023-10-28,Medium Spending,65,High Recency
5079004,1,8275.59,8275.59,2023-07-31,2023-07-31,Medium Spending,154,Medium Recency
5079016,1,1374.24,1374.24,2023-03-09,2023-03-09,Low Spending,298,Low Recency
5079057,3,11520.46,3840.153333333333,2023-01-01,2023-12-23,High Spending,9,High Recency
5079075,3,26473.14,8824.38,2023-10-11,2023-12-02,High Spending,30,High Recency
5079127,2,16741.329999999998,8370.664999999999,2023-05-24,2023-12-29,High Spending,3,High Recency
5079141,1,5894.08,5894.08,2023-01-20,2023-01-20,Medium Spending,346,Low Recency
5079166,2,16014.720000000001,8007.360000000001,2023-08-03,2023-11-18,High Spending,44,High Recency
5079167,2,10407.86,5203.93,2023-04-14,2023-09-12,Medium Spending,111,Medium Recency
5079181,2,8618.04,4309.02,2023-04-08,2023-04-29,Medium Spending,247,Low Recency
5085768,1,6649.16,6649.16,2023-01-29,2023-01-29,Medium Spending,337,Low Recency
5085861,1,9612.57,9612.57,2023-12-17,2023-12-17,Medium Spending,15,High Recency
5085865,1,8503.41,8503.41,2023-02-21,2023-02-21,Medium Spending,314,Low Recency
5085886,2,16725.63,8362.815,2023-09-16,2023-10-15,High Spending,78,High Recency
5086062,2,15553.529999999999,7776.764999999999,2023-01-16,2023-07-06,High Spending,179,Medium Recency
5087538,1,226.92,226.92,2023-09-19,2023-09-19,Low Spending,104,Medium Recency
5087819,1,8964.7,8964.7,2023-03-26,2023-03-26,Medium Spending,281,Low Recency
5087829,1,7309.82,7309.82,2023-04-21,2023-04-21,Medium Spending,255,Low Recency
5087852,1,6167.18,6167.18,2023-06-12,2023-06-12,Medium Spending,203,Low Recency
5088055,1,3938.38,3938.38,2023-12-02,2023-12-02,Low Spending,30,High Recency
5088101,1,2282.37,2282.37,2023-04-04,2023-04-04,Low Spending,272,Low Recency
5088181,1,8342.5,8342.5,2023-06-07,2023-06-07,Medium Spending,208,Low Recency
5088205,1,1618.71,1618.71,2023-09-09,2023-09-09,Low Spending,114,Medium Recency
5088279,1,2001.06,2001.06,2023-05-27,2023-05-27,Low Spending,219,Low Recency
5088433,1,3128.03,3128.03,2023-06-06,2023-06-06,Low Spending,209,Low Recency
5088503,1,4870.24,4870.24,2023-04-02,2023-04-02,Medium Spending,274,Low Recency
5088689,1,4674.42,4674.42,2023-07-10,2023-07-10,Medium Spending,175,Medium Recency
5088699,3,16408.53,5469.509999999999,2023-02-14,2023-12-18,High Spending,14,High Recency
5088805,1,6494.16,6494.16,2023-03-20,2023-03-20,Medium Spending,287,Low Recency
5088836,2,6735.860000000001,3367.9300000000003,2023-03-26,2023-10-23,Medium Spending,70,High Recency
5088851,1,6554.72,6554.72,2023-08-07,2023-08-07,Medium Spending,147,Medium Recency
5088853,1,8815.56,8815.56,2023-11-10,2023-11-10,Medium Spending,52,High Recency
5089070,1,6094.06,6094.06,2023-04-10,2023-04-10,Medium Spending,266,Low Recency
5089117,1,2739.85,2739.85,2023-05-17,2023-05-17,Low Spending,229,Low Recency
5089137,2,5395.81,2697.905,2023-08-23,2023-10-03,Medium Spending,90,Medium Recency
5089162,1,8817.04,8817.04,2023-10-08,2023-10-08,Medium Spending,85,High Recency
5089218,1,993.26,993.26,2023-04-24,2023-04-24,Low Spending,252,Low Recency
5089225,1,3864.21,3864.21,2023-12-29,2023-12-29,Low Spending,3,High Recency
5089240,1,7402.55,7402.55,2023-01-27,2023-01-27,Medium Spending,339,Low Recency
5089269,2,10215.76,5107.88,2023-03-25,2023-08-30,Medium Spending,124,Medium Recency
5089275,1,7889.47,7889.47,2023-04-09,2023-04-09,Medium Spending,267,Low Recency
5089497,2,10290.25,5145.125,2023-05-14,2023-08-23,Medium Spending,131,Medium Recency
5089512,1,4379.84,4379.84,2023-06-04,2023-06-04,Low Spending,211,Low Recency
5089580,1,3875.74,3875.74,2023-02-13,2023-02-13,Low Spending,322,Low Recency
5089632,1,268.49,268.49,2023-05-26,2023-05-26,Low Spending,220,Low Recency
5089658,1,9572.86,9572.86,2023-02-12,2023-02-12,Medium Spending,323,Low Recency
5089719,1,2104.54,2104.54,2023-04-26,2023-04-26,Low Spending,250,Low Recency
5089736,2,12997.810000000001,6498.905000000001,2023-11-02,2023-12-16,High Spending,16,High Recency
5089737,1,3618.0,3618.0,2023-04-29,2023-04-29,Low Spending,247,Low Recency
5089760,1,2863.41,2863.41,2023-08-27,2023-08-27,Low Spending,127,Medium Recency
5089770,2,5017.56,2508.78,2023-06-25,2023-12-04,Medium Spending,28,High Recency
5089896,2,8149.43,4074.715,2023-02-04,2023-07-19,Medium Spending,166,Medium Recency
5089954,1,8582.82,8582.82,2023-08-23,2023-08-23,Medium Spending,131,Medium Recency
5089959,2,11097.47,5548.735,2023-07-11,2023-11-05,High Spending,57,High Recency
5090039,1,900.01,900.01,2023-08-16,2023-08-16,Low Spending,138,Medium Recency
5090082,1,5012.17,5012.17,2023-10-09,2023-10-09,Medium Spending,84,High Recency
5090126,2,9470.009999999998,4735.004999999999,2023-02-07,2023-12-23,Medium Spending,9,High Recency
5090186,1,1703.92,1703.92,2023-08-16,2023-08-16,Low Spending,138,Medium Recency
5090214,2,7958.9400000000005,3979.4700000000003,2023-06-27,2023-08-06,Medium Spending,148,Medium Recency
5090310,1,1400.82,1400.82,2023-07-20,2023-07-20,Low Spending,165,Medium Recency
5090415,1,8563.37,8563.37,2023-09-19,2023-09-19,Medium Spending,104,Medium Recency
5090464,1,8098.63,8098.63,2023-11-18,2023-11-18,Medium Spending,44,High Recency
5090470,3,13965.34,4655.113333333334,2023-01-20,2023-11-05,High Spending,57,High Recency
5090493,1,6932.5,6932.5,2023-05-23,2023-05-23,Medium Spending,223,Low Recency
5090509,3,24778.0,8259.333333333334,2023-06-21,2023-09-28,High Spending,95,Medium Recency
5090612,1,6501.87,6501.87,2023-08-07,2023-08-07,Medium Spending,147,Medium Recency
5090701,2,11079.94,5539.97,2023-03-09,2023-07-08,High Spending,177,Medium Recency
5090705,1,5185.91,5185.91,2023-11-10,2023-11-10,Medium Spending,52,High Recency
5090780,1,51.83,51.83,2023-10-07,2023-10-07,Low Spending,86,High Recency
5090788,2,17478.739999999998,8739.369999999999,2023-04-21,2023-09-28,High Spending,95,Medium Recency
5090805,1,9301.84,9301.84,2023-05-25,2023-05-25,Medium Spending,221,Low Recency
5090861,2,2976.18,1488.09,2023-02-12,2023-04-24,Low Spending,252,Low Recency
5090925,2,9493.06,4746.53,2023-09-01,2023-11-14,Medium Spending,48,High Recency
5090954,2,5378.509999999999,2689.2549999999997,2023-01-04,2023-06-02,Medium Spending,213,Low Recency
5090995,1,7656.53,7656.53,2023-05-19,2023-05-19,Medium Spending,227,Low Recency
5091006,2,6085.54,3042.77,2023-01-11,2023-03-23,Medium Spending,284,Low Recency
5091016,1,7955.84,7955.84,2023-09-06,2023-09-06,Medium Spending,117,Medium Recency
5091101,1,690.78,690.78,2023-12-20,2023-12-20,Low Spending,12,High Recency
5091144,2,13788.3,6894.15,2023-11-04,2023-11-30,High Spending,32,High Recency
5091369,2,5079.280000000001,2539.6400000000003,2023-01-27,2023-08-09,Medium Spending,145,Medium Recency
5091374,3,12604.119999999999,4201.373333333333,2023-05-07,2023-07-18,High Spending,167,Medium Recency
5091400,1,4655.59,4655.59,2023-03-27,2023-03-27,Medium Spending,280,Low Recency
5091549,1,2475.74,2475.74,2023-11-07,2023-11-07,Low Spending,55,High Recency
5091564,1,4735.68,4735.68,2023-06-21,2023-06-21,Medium Spending,194,Medium Recency
5091630,1,9129.11,9129.11,2023-02-26,2023-02-26,Medium Spending,309,Low Recency
5091651,3,13055.02,4351.673333333333,2023-03-22,2023-08-10,High Spending,144,Medium Recency
5091708,1,3344.42,3344.42,2023-09-23,2023-09-23,Low Spending,100,Medium Recency
5091718,1,7263.02,7263.02,2023-11-10,2023-11-10,Medium Spending,52,High Recency
5091735,4,29155.32,7288.83,2023-06-12,2023-12-14,High Spending,18,High Recency
5091753,1,5543.59,5543.59,2023-07-07,2023-07-07,Medium Spending,178,Medium Recency
5091766,1,5191.32,5191.32,2023-03-06,2023-03-06,Medium Spending,301,Low Recency
5091771,1,3549.96,3549.96,2023-06-08,2023-06-08,Low Spending,207,Low Recency
5091792,3,16185.83,5395.276666666667,2023-06-17,2023-12-27,High Spending,5,High Recency
5091824,1,9328.8,9328.8,2023-01-30,2023-01-30,Medium Spending,336,Low Recency
5091826,2,12364.82,6182.41,2023-04-09,2023-07-26,High Spending,159,Medium Recency
5091880,1,3124.78,3124.78,2023-02-15,2023-02-15,Low Spending,320,Low Recency
5091894,2,14411.36,7205.68,2023-04-16,2023-05-06,High Spending,240,Low Recency
5091921,1,2395.63,2395.63,2023-08-14,2023-08-14,Low Spending,140,Medium Recency
5091925,1,6639.33,6639.33,2023-05-07,2023-05-07,Medium Spending,239,Low Recency
5091963,1,7169.85,7169.85,2023-01-17,2023-01-17,Medium Spending,349,Low Recency
5091983,2,15015.05,7507.525,2023-02-24,2023-07-05,High Spending,180,Medium Recency
5092021,3,15459.71,5153.236666666667,2023-01-30,2023-11-23,High Spending,39,High Recency
5092164,2,9457.49,4728.745,2023-01-21,2023-10-05,Medium Spending,88,High Recency
5092221,2,15856.89,7928.445,2023-05-01,2023-09-03,High Spending,120,Medium Recency
5092239,1,5090.7,5090.7,2023-08-28,2023-08-28,Medium Spending,126,Medium Recency
5092242,2,12263.17,6131.585,2023-08-16,2023-12-04,High Spending,28,High Recency
5092245,2,12946.9,6473.45,2023-04-30,2023-08-18,High Spending,136,Medium Recency
5092287,1,2867.91,2867.91,2023-03-29,2023-03-29,Low Spending,278,Low Recency
5092332,1,4487.84,4487.84,2023-10-29,2023-10-29,Medium Spending,64,High Recency
5093248,2,9936.95,4968.475,2023-06-04,2023-09-13,Medium Spending,110,Medium Recency
5094884,1,432.56,432.56,2023-01-13,2023-01-13,Low Spending,353,Low Recency
5094896,1,5644.83,5644.83,2023-01-11,2023-01-11,Medium Spending,355,Low Recency
5095170,1,8839.05,8839.05,2023-07-22,2023-07-22,Medium Spending,163,Medium Recency
5095193,1,9793.82,9793.82,2023-07-14,2023-07-14,Medium Spending,171,Medium Recency
5095310,2,11681.61,5840.805,2023-05-03,2023-06-17,High Spending,198,Medium Recency
5095324,4,23878.02,5969.505,2023-01-14,2023-11-28,High Spending,34,High Recency
5095423,1,6788.99,6788.99,2023-08-01,2023-08-01,Medium Spending,153,Medium Recency
5095514,2,11941.72,5970.86,2023-06-12,2023-10-25,High Spending,68,High Recency
5095586,2,16583.57,8291.785,2023-07-12,2023-10-13,High Spending,80,High Recency
5095631,2,11604.630000000001,5802.3150000000005,2023-02-21,2023-03-04,High Spending,303,Low Recency
5095751,1,2431.5,2431.5,2023-11-28,2023-11-28,Low Spending,34,High Recency
5095896,2,12882.59,6441.295,2023-05-27,2023-06-18,High Spending,197,Medium Recency
5095905,1,8319.02,8319.02,2023-11-12,2023-11-12,Medium Spending,50,High Recency
5095930,1,406.24,406.24,2023-08-16,2023-08-16,Low Spending,138,Medium Recency
5095939,2,7816.209999999999,3908.1049999999996,2023-04-17,2023-12-05,Medium Spending,27,High Recency
5096059,3,23176.43,7725.4766666666665,2023-06-05,2023-11-02,High Spending,60,High Recency
5096085,1,3066.49,3066.49,2023-05-24,2023-05-24,Low Spending,222,Low Recency
5096211,2,14727.23,7363.615,2023-03-05,2023-05-20,High Spending,226,Low Recency
5096300,1,451.01,451.01,2023-06-18,2023-06-18,Low Spending,197,Medium Recency
5096318,1,2110.32,2110.32,2023-02-17,2023-02-17,Low Spending,318,Low Recency
5096336,2,10040.19,5020.095,2023-05-02,2023-06-22,Medium Spending,193,Medium Recency
5096415,1,3051.34,3051.34,2023-09-27,2023-09-27,Low Spending,96,Medium Recency
5096424,2,10325.06,5162.53,2023-06-13,2023-07-06,Medium Spending,179,Medium Recency
5096466,1,5864.31,5864.31,2023-04-26,2023-04-26,Medium Spending,250,Low Recency
5096483,1,3481.8,3481.8,2023-06-11,2023-06-11,Low Spending,204,Low Recency
5096527,1,7657.8,7657.8,2023-05-10,2023-05-10,Medium Spending,236,Low Recency
5096528,1,4187.27,4187.27,2023-03-19,2023-03-19,Low Spending,288,Low Recency
5096621,3,10196.630000000001,3398.876666666667,2023-03-27,2023-12-27,Medium Spending,5,High Recency
5096670,2,9360.14,4680.07,2023-03-27,2023-11-24,Medium Spending,38,High Recency
5096743,2,10364.449999999999,5182.224999999999,2023-06-13,2023-06-24,Medium Spending,191,Medium Recency
5096753,1,8982.64,8982.64,2023-09-27,2023-09-27,Medium Spending,96,Medium Recency
5096785,2,11185.869999999999,5592.9349999999995,2023-03-02,2023-05-28,High Spending,218,Low Recency
5097024,3,12220.75,4073.5833333333335,2023-02-08,2023-10-07,High Spending,86,High Recency
5097065,3,21782.48,7260.826666666667,2023-04-19,2023-06-13,High Spending,202,Medium Recency
5097105,1,2579.03,2579.03,2023-01-21,2023-01-21,Low Spending,345,Low Recency
5097106,1,7963.47,7963.47,2023-11-07,2023-11-07,Medium Spending,55,High Recency
5097134,2,11998.93,5999.465,2023-09-25,2023-12-01,High Spending,31,High Recency
5097170,1,4436.6,4436.6,2023-10-04,2023-10-04,Medium Spending,89,High Recency
5099877,1,5507.82,5507.82,2023-05-20,2023-05-20,Medium Spending,226,Low Recency
5099907,1,7661.16,7661.16,2023-10-09,2023-10-09,Medium Spending,84,High Recency
5099914,2,1666.4,833.2,2023-04-05,2023-09-04,Low Spending,119,Medium Recency
5099948,2,13735.39,6867.695,2023-07-25,2023-11-09,High Spending,53,High Recency
5099957,2,13499.77,6749.885,2023-05-28,2023-07-07,High Spending,178,Medium Recency
5100000,2,3334.26,1667.13,2023-04-26,2023-12-06,Low Spending,26,High Recency
5100010,1,951.47,951.47,2023-01-09,2023-01-09,Low Spending,357,Low Recency
5100098,1,5811.47,5811.47,2023-07-17,2023-07-17,Medium Spending,168,Medium Recency
5100106,2,6964.72,3482.36,2023-02-03,2023-07-04,Medium Spending,181,Medium Recency
5100133,4,8337.32,2084.33,2023-02-05,2023-09-21,Medium Spending,102,Medium Recency
5100373,2,18358.870000000003,9179.435000000001,2023-03-28,2023-06-19,High Spending,196,Medium Recency
5100430,4,11034.62,2758.655,2023-01-04,2023-09-24,High Spending,99,Medium Recency
5100464,3,13584.240000000002,4528.080000000001,2023-01-27,2023-12-12,High Spending,20,High Recency
5104868,2,9645.67,4822.835,2023-07-06,2023-10-09,Medium Spending,84,High Recency
5104945,1,5683.29,5683.29,2023-08-21,2023-08-21,Medium Spending,133,Medium Recency
5104981,1,8810.48,8810.48,2023-05-09,2023-05-09,Medium Spending,237,Low Recency
5105045,1,1457.01,1457.01,2023-02-03,2023-02-03,Low Spending,332,Low Recency
5105067,1,4177.57,4177.57,2023-04-21,2023-04-21,Low Spending,255,Low Recency
5105069,2,5037.549999999999,2518.7749999999996,2023-05-02,2023-06-25,Medium Spending,190,Medium Recency
5105150,3,9005.06,3001.6866666666665,2023-02-01,2023-10-22,Medium Spending,71,High Recency
5105227,2,12672.94,6336.47,2023-01-19,2023-08-26,High Spending,128,Medium Recency
5105291,1,7931.24,7931.24,2023-12-19,2023-12-19,Medium Spending,13,High Recency
5105395,1,5901.01,5901.01,2023-05-01,2023-05-01,Medium Spending,245,Low Recency
5105412,2,11212.95,5606.475,2023-08-12,2023-09-09,High Spending,114,Medium Recency
5105422,3,11061.39,3687.1299999999997,2023-02-16,2023-07-20,High Spending,165,Medium Recency
5105436,2,10914.470000000001,5457.235000000001,2023-08-23,2023-09-24,High Spending,99,Medium Recency
5105466,1,381.76,381.76,2023-05-28,2023-05-28,Low Spending,218,Low Recency
5105550,1,9165.67,9165.67,2023-01-12,2023-01-12,Medium Spending,354,Low Recency
5105555,1,7975.74,7975.74,2023-11-19,2023-11-19,Medium Spending,43,High Recency
5105556,1,196.52,196.52,2023-08-10,2023-08-10,Low Spending,144,Medium Recency
5105565,1,4096.85,4096.85,2023-03-11,2023-03-11,Low Spending,296,Low Recency
5105577,1,6518.82,6518.82,2023-04-12,2023-04-12,Medium Spending,264,Low Recency
5105614,1,6812.35,6812.35,2023-11-25,2023-11-25,Medium Spending,37,High Recency
5105685,2,14400.91,7200.455,2023-05-06,2023-10-12,High Spending,81,High Recency
5105715,2,9299.95,4649.975,2023-02-18,2023-08-15,Medium Spending,139,Medium Recency
5105743,3,14108.16,4702.72,2023-01-10,2023-05-27,High Spending,219,Low Recency
5105791,3,17582.44,5860.813333333333,2023-02-04,2023-09-01,High Spending,122,Medium Recency
5105819,1,5870.78,5870.78,2023-09-25,2023-09-25,Medium Spending,98,Medium Recency
5105842,2,10208.01,5104.005,2023-04-17,2023-12-05,Medium Spending,27,High Recency
5105878,2,6983.400000000001,3491.7000000000003,2023-03-14,2023-05-25,Medium Spending,221,Low Recency
5106118,1,974.26,974.26,2023-03-26,2023-03-26,Low Spending,281,Low Recency
5111117,2,8116.1900000000005,4058.0950000000003,2023-01-28,2023-03-22,Medium Spending,285,Low Recency
5111159,2,5780.86,2890.43,2023-02-06,2023-06-09,Medium Spending,206,Low Recency
5111178,2,10549.0,5274.5,2023-02-27,2023-09-11,Medium Spending,112,Medium Recency
5112599,1,4479.31,4479.31,2023-07-15,2023-07-15,Medium Spending,170,Medium Recency
5112652,3,15587.64,5195.88,2023-01-04,2023-07-12,High Spending,173,Medium Recency
5112662,3,13721.42,4573.806666666666,2023-05-24,2023-12-04,High Spending,28,High Recency
5112736,1,8711.11,8711.11,2023-01-27,2023-01-27,Medium Spending,339,Low Recency
5112737,1,8464.62,8464.62,2023-08-17,2023-08-17,Medium Spending,137,Medium Recency
5112738,2,15088.57,7544.285,2023-09-06,2023-12-08,High Spending,24,High Recency
5112765,2,7177.379999999999,3588.6899999999996,2023-01-20,2023-05-10,Medium Spending,236,Low Recency
5112966,1,8887.1,8887.1,2023-07-31,2023-07-31,Medium Spending,154,Medium Recency
5112975,1,8550.61,8550.61,2023-10-20,2023-10-20,Medium Spending,73,High Recency
5113006,1,4818.62,4818.62,2023-07-21,2023-07-21,Medium Spending,164,Medium Recency
5113057,3,16857.100000000002,5619.033333333334,2023-01-05,2023-06-13,High Spending,202,Medium Recency
5113082,1,3688.97,3688.97,2023-01-25,2023-01-25,Low Spending,341,Low Recency
5113159,1,4736.75,4736.75,2023-01-24,2023-01-24,Medium Spending,342,Low Recency
5113163,2,3864.0,1932.0,2023-03-28,2023-12-11,Low Spending,21,High Recency
5113171,1,5176.33,5176.33,2023-11-06,2023-11-06,Medium Spending,56,High Recency
5113180,1,1188.11,1188.11,2023-08-22,2023-08-22,Low Spending,132,Medium Recency
5113259,2,8250.32,4125.16,2023-01-13,2023-06-06,Medium Spending,209,Low Recency
5113288,2,8781.3,4390.65,2023-07-14,2023-10-31,Medium Spending,62,High Recency
5113291,3,5766.7,1922.2333333333333,2023-05-28,2023-10-07,Medium Spending,86,High Recency
5113302,1,7143.56,7143.56,2023-01-27,2023-01-27,Medium Spending,339,Low Recency
5113373,1,8180.08,8180.08,2023-01-15,2023-01-15,Medium Spending,351,Low Recency
5113374,2,8930.82,4465.41,2023-10-18,2023-10-31,Medium Spending,62,High Recency
5113401,1,829.6,829.6,2023-12-10,2023-12-10,Low Spending,22,High Recency
5113406,1,6873.36,6873.36,2023-05-31,2023-05-31,Medium Spending,215,Low Recency
5113440,3,12323.99,4107.996666666667,2023-01-18,2023-05-01,High Spending,245,Low Recency
5113510,2,9463.630000000001,4731.8150000000005,2023-03-28,2023-10-09,Medium Spending,84,High Recency
5113539,1,5067.48,5067.48,2023-12-20,2023-12-20,Medium Spending,12,High Recency
5113556,2,3623.43,1811.715,2023-01-14,2023-04-07,Low Spending,269,Low Recency
5113621,2,6924.82,3462.41,2023-01-12,2023-06-23,Medium Spending,192,Medium Recency
5113639,3,13144.29,4381.43,2023-02-21,2023-07-13,High Spending,172,Medium Recency
5113711,1,4929.85,4929.85,2023-01-13,2023-01-13,Medium Spending,353,Low Recency
5113717,1,7726.81,7726.81,2023-07-21,2023-07-21,Medium Spending,164,Medium Recency
5113801,2,10988.41,5494.205,2023-01-01,2023-04-15,High Spending,261,Low Recency
5113847,1,3757.03,3757.03,2023-07-02,2023-07-02,Low Spending,183,Medium Recency
5113854,2,6852.37,3426.185,2023-07-12,2023-08-05,Medium Spending,149,Medium Recency
5113861,2,10666.7,5333.35,2023-03-16,2023-07-08,Medium Spending,177,Medium Recency
5113922,3,15363.09,5121.03,2023-01-06,2023-08-28,High Spending,126,Medium Recency
5113976,1,8563.52,8563.52,2023-06-15,2023-06-15,Medium Spending,200,Medium Recency
5114032,1,3146.99,3146.99,2023-03-13,2023-03-13,Low Spending,294,Low Recency
5114060,3,10586.98,3528.9933333333333,2023-02-26,2023-11-06,Medium Spending,56,High Recency
5114061,1,1118.13,1118.13,2023-06-13,2023-06-13,Low Spending,202,Medium Recency
5114114,1,1557.72,1557.72,2023-09-21,2023-09-21,Low Spending,102,Medium Recency
5114138,1,8548.57,8548.57,2023-01-01,2023-01-01,Medium Spending,365,Low Recency
5114166,2,5379.099999999999,2689.5499999999997,2023-04-21,2023-05-13,Medium Spending,233,Low Recency
5114249,2,13297.599999999999,6648.799999999999,2023-06-05,2023-12-15,High Spending,17,High Recency
5114294,2,13516.400000000001,6758.200000000001,2023-01-22,2023-03-01,High Spending,306,Low Recency
5114354,1,607.05,607.05,2023-12-28,2023-12-28,Low Spending,4,High Recency
5114438,1,7647.07,7647.07,2023-05-23,2023-05-23,Medium Spending,223,Low Recency
5114630,3,23961.4,7987.133333333334,2023-04-07,2023-08-06,High Spending,148,Medium Recency
5114643,2,15333.34,7666.67,2023-09-26,2023-10-14,High Spending,79,High Recency
5115604,1,3096.42,3096.42,2023-11-05,2023-11-05,Low Spending,57,High Recency
5115610,2,3861.0600000000004,1930.5300000000002,2023-07-09,2023-08-07,Low Spending,147,Medium Recency
5115633,1,9517.55,9517.55,2023-01-21,2023-01-21,Medium Spending,345,Low Recency
5115662,1,6357.96,6357.96,2023-12-14,2023-12-14,Medium Spending,18,High Recency
5115671,2,7892.17,3946.085,2023-02-13,2023-11-19,Medium Spending,43,High Recency
5115679,2,11762.869999999999,5881.4349999999995,2023-04-22,2023-09-14,High Spending,109,Medium Recency
5115884,2,5865.620000000001,2932.8100000000004,2023-03-12,2023-04-04,Medium Spending,272,Low Recency
5115894,1,2113.27,2113.27,2023-07-30,2023-07-30,Low Spending,155,Medium Recency
5115921,3,10429.59,3476.53,2023-03-28,2023-11-29,Medium Spending,33,High Recency
5115947,1,6230.58,6230.58,2023-08-31,2023-08-31,Medium Spending,123,Medium Recency
5115957,1,9891.45,9891.45,2023-09-14,2023-09-14,Medium Spending,109,Medium Recency
5115984,2,15461.119999999999,7730.5599999999995,2023-04-14,2023-07-07,High Spending,178,Medium Recency
5115992,1,4601.22,4601.22,2023-08-02,2023-08-02,Medium Spending,152,Medium Recency
5116005,2,11634.47,5817.235,2023-03-04,2023-09-08,High Spending,115,Medium Recency
5116018,1,6220.8,6220.8,2023-04-07,2023-04-07,Medium Spending,269,Low Recency
5116036,1,7444.62,7444.62,2023-12-19,2023-12-19,Medium Spending,13,High Recency
5116056,1,7233.45,7233.45,2023-09-17,2023-09-17,Medium Spending,106,Medium Recency
5116258,1,5617.71,5617.71,2023-06-09,2023-06-09,Medium Spending,206,Low Recency
5116302,2,10510.58,5255.29,2023-08-14,2023-09-13,Medium Spending,110,Medium Recency
5116304,2,10640.880000000001,5320.4400000000005,2023-05-04,2023-10-10,Medium Spending,83,High Recency
5116343,3,9839.869999999999,3279.9566666666665,2023-05-02,2023-08-06,Medium Spending,148,Medium Recency
5116369,1,8203.16,8203.16,2023-07-27,2023-07-27,Medium Spending,158,Medium Recency
5116373,2,13626.89,6813.445,2023-01-15,2023-07-16,High Spending,169,Medium Recency
5116478,1,2759.59,2759.59,2023-12-14,2023-12-14,Low Spending,18,High Recency
5116613,3,21398.989999999998,7132.996666666666,2023-02-21,2023-09-06,High Spending,117,Medium Recency
5116621,1,7698.1,7698.1,2023-02-20,2023-02-20,Medium Spending,315,Low Recency
5116676,1,823.11,823.11,2023-07-18,2023-07-18,Low Spending,167,Medium Recency
5116714,2,9625.71,4812.855,2023-11-12,2023-11-25,Medium Spending,37,High Recency
5116801,1,6940.8,6940.8,2023-09-16,2023-09-16,Medium Spending,107,Medium Recency
5116809,1,4650.69,4650.69,2023-06-21,2023-06-21,Medium Spending,194,Medium Recency
5116817,1,5809.69,5809.69,2023-07-16,2023-07-16,Medium Spending,169,Medium Recency
5116818,1,7016.34,7016.34,2023-05-08,2023-05-08,Medium Spending,238,Low Recency
5116883,2,9340.67,4670.335,2023-02-08,2023-07-26,Medium Spending,159,Medium Recency
5116906,1,3333.77,3333.77,2023-06-18,2023-06-18,Low Spending,197,Medium Recency
5116991,1,3609.93,3609.93,2023-01-01,2023-01-01,Low Spending,365,Low Recency
5117022,1,6024.72,6024.72,2023-02-26,2023-02-26,Medium Spending,309,Low Recency
5117047,1,3819.17,3819.17,2023-06-09,2023-06-09,Low Spending,206,Low Recency
5117065,1,7946.99,7946.99,2023-10-05,2023-10-05,Medium Spending,88,High Recency
5117095,3,16481.73,5493.91,2023-06-19,2023-11-11,High Spending,51,High Recency
5117190,2,9778.6,4889.3,2023-03-03,2023-12-02,Medium Spending,30,High Recency
5117216,1,427.66,427.66,2023-09-03,2023-09-03,Low Spending,120,Medium Recency
5117233,3,13906.48,4635.493333333333,2023-01-18,2023-11-05,High Spending,57,High Recency
5117248,2,9711.93,4855.965,2023-04-22,2023-10-19,Medium Spending,74,High Recency
5117313,2,5537.36,2768.68,2023-01-24,2023-10-21,Medium Spending,72,High Recency
5117314,1,3064.28,3064.28,2023-08-13,2023-08-13,Low Spending,141,Medium Recency
5117323,1,2700.37,2700.37,2023-05-29,2023-05-29,Low Spending,217,Low Recency
5117331,1,9415.41,9415.41,2023-05-15,2023-05-15,Medium Spending,231,Low Recency
5117392,3,16883.550000000003,5627.850000000001,2023-02-19,2023-12-28,High Spending,4,High Recency
5117403,1,6908.56,6908.56,2023-06-06,2023-06-06,Medium Spending,209,Low Recency
5117413,1,3511.85,3511.85,2023-05-18,2023-05-18,Low Spending,228,Low Recency
5117450,1,8394.72,8394.72,2023-09-18,2023-09-18,Medium Spending,105,Medium Recency
5117561,1,9921.41,9921.41,2023-01-15,2023-01-15,Medium Spending,351,Low Recency
5117594,1,7131.86,7131.86,2023-07-25,2023-07-25,Medium Spending,160,Medium Recency
5117622,1,7515.55,7515.55,2023-01-05,2023-01-05,Medium Spending,361,Low Recency
5117698,2,7706.860000000001,3853.4300000000003,2023-06-01,2023-09-07,Medium Spending,116,Medium Recency
5117716,2,8504.45,4252.225,2023-05-15,2023-09-27,Medium Spending,96,Medium Recency
5117753,1,8385.76,8385.76,2023-08-29,2023-08-29,Medium Spending,125,Medium Recency
5117754,1,8056.37,8056.37,2023-02-03,2023-02-03,Medium Spending,332,Low Recency
5117756,3,3622.7799999999997,1207.5933333333332,2023-09-17,2023-10-07,Low Spending,86,High Recency
5117778,2,9889.380000000001,4944.6900000000005,2023-03-08,2023-04-11,Medium Spending,265,Low Recency
5118026,1,2283.9,2283.9,2023-12-03,2023-12-03,Low Spending,29,High Recency
5118108,1,9416.98,9416.98,2023-08-14,2023-08-14,Medium Spending,140,Medium Recency
5118115,2,4261.41,2130.705,2023-06-06,2023-09-19,Low Spending,104,Medium Recency
5118118,1,6414.93,6414.93,2023-12-12,2023-12-12,Medium Spending,20,High Recency
5118219,1,8238.98,8238.98,2023-07-14,2023-07-14,Medium Spending,171,Medium Recency
5118225,1,9505.14,9505.14,2023-03-22,2023-03-22,Medium Spending,285,Low Recency
5118268,3,19459.54,6486.513333333333,2023-01-18,2023-12-19,High Spending,13,High Recency
5118275,1,9363.88,9363.88,2023-05-27,2023-05-27,Medium Spending,219,Low Recency
5118278,1,8609.58,8609.58,2023-02-21,2023-02-21,Medium Spending,314,Low Recency
5118280,1,1704.71,1704.71,2023-09-19,2023-09-19,Low Spending,104,Medium Recency
5118283,2,10488.369999999999,5244.1849999999995,2023-07-08,2023-11-23,Medium Spending,39,High Recency
5118397,1,8119.33,8119.33,2023-03-16,2023-03-16,Medium Spending,291,Low Recency
5118441,2,13655.78,6827.89,2023-01-13,2023-06-05,High Spending,210,Low Recency
5118472,1,1395.97,1395.97,2023-03-02,2023-03-02,Low Spending,305,Low Recency
5118477,1,4121.42,4121.42,2023-04-12,2023-04-12,Low Spending,264,Low Recency
5118526,1,8196.38,8196.38,2023-10-01,2023-10-01,Medium Spending,92,Medium Recency
5118527,1,1479.46,1479.46,2023-07-17,2023-07-17,Low Spending,168,Medium Recency
5118541,1,4748.6,4748.6,2023-07-14,2023-07-14,Medium Spending,171,Medium Recency
5118580,1,6462.46,6462.46,2023-03-07,2023-03-07,Medium Spending,300,Low Recency
5118617,3,22922.75,7640.916666666667,2023-06-07,2023-08-14,High Spending,140,Medium Recency
5125127,1,3127.11,3127.11,2023-06-01,2023-06-01,Low Spending,214,Low Recency
5125172,2,5056.14,2528.07,2023-06-29,2023-10-14,Medium Spending,79,High Recency
5125203,1,2165.33,2165.33,2023-02-03,2023-02-03,Low Spending,332,Low Recency
5125235,2,8915.97,4457.985,2023-04-11,2023-11-02,Medium Spending,60,High Recency
5125277,2,12471.59,6235.795,2023-05-19,2023-08-13,High Spending,141,Medium Recency
5125289,2,9096.470000000001,4548.235000000001,2023-05-26,2023-06-08,Medium Spending,207,Low Recency
5125317,1,4627.33,4627.33,2023-08-26,2023-08-26,Medium Spending,128,Medium Recency
5125325,1,2409.87,2409.87,2023-07-09,2023-07-09,Low Spending,176,Medium Recency
5125399,3,11678.35,3892.7833333333333,2023-05-21,2023-11-23,High Spending,39,High Recency
5125462,1,7940.65,7940.65,2023-10-31,2023-10-31,Medium Spending,62,High Recency
5125471,3,20147.05,6715.683333333333,2023-02-11,2023-11-08,High Spending,54,High Recency
5125478,2,901.9100000000001,450.95500000000004,2023-06-28,2023-12-03,Low Spending,29,High Recency
5125510,1,7877.94,7877.94,2023-10-30,2023-10-30,Medium Spending,63,High Recency
5125524,1,9670.36,9670.36,2023-01-02,2023-01-02,Medium Spending,364,Low Recency
5125708,1,9923.64,9923.64,2023-05-28,2023-05-28,Medium Spending,218,Low Recency
5125710,2,6939.68,3469.84,2023-04-07,2023-06-13,Medium Spending,202,Medium Recency
5125716,4,23638.93,5909.7325,2023-02-08,2023-12-26,High Spending,6,High Recency
5125730,1,2550.16,2550.16,2023-10-10,2023-10-10,Low Spending,83,High Recency
5125761,2,13837.009999999998,6918.504999999999,2023-06-03,2023-06-20,High Spending,195,Medium Recency
5125775,1,6002.22,6002.22,2023-09-23,2023-09-23,Medium Spending,100,Medium Recency
5125816,2,10253.35,5126.675,2023-07-07,2023-12-09,Medium Spending,23,High Recency
5125928,1,7150.75,7150.75,2023-01-19,2023-01-19,Medium Spending,347,Low Recency
5126101,1,6074.96,6074.96,2023-11-14,2023-11-14,Medium Spending,48,High Recency
5126108,1,9332.36,9332.36,2023-07-03,2023-07-03,Medium Spending,182,Medium Recency
5126124,1,2333.65,2333.65,2023-08-07,2023-08-07,Low Spending,147,Medium Recency
5126308,2,15206.619999999999,7603.3099999999995,2023-04-13,2023-10-06,High Spending,87,High Recency
5126311,1,1613.4,1613.4,2023-01-07,2023-01-07,Low Spending,359,Low Recency
5126518,1,8027.39,8027.39,2023-10-19,2023-10-19,Medium Spending,74,High Recency
5126527,1,3545.29,3545.29,2023-12-26,2023-12-26,Low Spending,6,High Recency
5126543,1,4581.14,4581.14,2023-07-10,2023-07-10,Medium Spending,175,Medium Recency
5126562,3,14941.49,4980.496666666667,2023-04-20,2023-12-31,High Spending,1,High Recency
5126751,1,152.05,152.05,2023-03-12,2023-03-12,Low Spending,295,Low Recency
5126809,1,7201.08,7201.08,2023-02-10,2023-02-10,Medium Spending,325,Low Recency
5132340,1,3280.76,3280.76,2023-04-10,2023-04-10,Low Spending,266,Low Recency
5132569,3,18857.82,6285.94,2023-01-31,2023-12-24,High Spending,8,High Recency
5132752,2,12514.990000000002,6257.495000000001,2023-03-21,2023-07-20,High Spending,165,Medium Recency
5132784,1,7005.13,7005.13,2023-11-19,2023-11-19,Medium Spending,43,High Recency
5135344,1,6138.57,6138.57,2023-10-04,2023-10-04,Medium Spending,89,High Recency
5135345,2,3057.7799999999997,1528.8899999999999,2023-09-19,2023-12-15,Low Spending,17,High Recency
5135378,3,19767.83,6589.276666666668,2023-07-19,2023-11-05,High Spending,57,High Recency
5135460,1,6743.82,6743.82,2023-04-21,2023-04-21,Medium Spending,255,Low Recency
5135474,2,4490.41,2245.205,2023-05-29,2023-06-20,Medium Spending,195,Medium Recency
5135484,2,11471.560000000001,5735.780000000001,2023-07-19,2023-09-04,High Spending,119,Medium Recency
5135485,1,401.38,401.38,2023-02-17,2023-02-17,Low Spending,318,Low Recency
5135487,1,6741.69,6741.69,2023-08-04,2023-08-04,Medium Spending,150,Medium Recency
5135489,1,7110.12,7110.12,2023-04-11,2023-04-11,Medium Spending,265,Low Recency
5135530,1,4086.92,4086.92,2023-02-06,2023-02-06,Low Spending,329,Low Recency
5135531,2,12485.73,6242.865,2023-04-27,2023-07-20,High Spending,165,Medium Recency
5135574,2,7117.28,3558.64,2023-01-20,2023-11-25,Medium Spending,37,High Recency
5135636,1,6895.99,6895.99,2023-11-23,2023-11-23,Medium Spending,39,High Recency
5135705,3,19294.350000000002,6431.450000000001,2023-05-11,2023-11-23,High Spending,39,High Recency
5135779,1,2095.91,2095.91,2023-05-23,2023-05-23,Low Spending,223,Low Recency
5135841,1,1688.74,1688.74,2023-09-24,2023-09-24,Low Spending,99,Medium Recency
5135851,1,2833.04,2833.04,2023-01-23,2023-01-23,Low Spending,343,Low Recency
5135863,2,10749.49,5374.745,2023-03-22,2023-11-28,Medium Spending,34,High Recency
5135938,1,2593.5,2593.5,2023-08-10,2023-08-10,Low Spending,144,Medium Recency
5135946,1,2600.14,2600.14,2023-08-19,2023-08-19,Low Spending,135,Medium Recency
5135990,1,9182.1,9182.1,2023-10-11,2023-10-11,Medium Spending,82,High Recency
5136029,1,292.98,292.98,2023-10-18,2023-10-18,Low Spending,75,High Recency
5136909,3,21509.25,7169.75,2023-05-10,2023-08-18,High Spending,136,Medium Recency
5136976,1,8353.42,8353.42,2023-04-02,2023-04-02,Medium Spending,274,Low Recency
5137022,1,1232.11,1232.11,2023-02-28,2023-02-28,Low Spending,307,Low Recency
5137033,3,17238.0,5746.0,2023-01-13,2023-05-04,High Spending,242,Low Recency
5137151,1,4956.05,4956.05,2023-01-07,2023-01-07,Medium Spending,359,Low Recency
5137163,2,7967.85,3983.925,2023-03-22,2023-11-09,Medium Spending,53,High Recency
5137187,2,14707.53,7353.765,2023-08-16,2023-12-26,High Spending,6,High Recency
5137229,2,11680.77,5840.385,2023-06-11,2023-09-05,High Spending,118,Medium Recency
5137247,1,2180.81,2180.81,2023-12-12,2023-12-12,Low Spending,20,High Recency
5137385,1,4450.51,4450.51,2023-06-05,2023-06-05,Medium Spending,210,Low Recency
5137401,1,2030.84,2030.84,2023-03-26,2023-03-26,Low Spending,281,Low Recency
5137407,1,9443.34,9443.34,2023-03-02,2023-03-02,Medium Spending,305,Low Recency
5137542,2,8988.42,4494.21,2023-04-19,2023-10-05,Medium Spending,88,High Recency
5139410,1,9412.94,9412.94,2023-08-12,2023-08-12,Medium Spending,142,Medium Recency
5139548,1,59.63,59.63,2023-12-16,2023-12-16,Low Spending,16,High Recency
5139553,2,7198.09,3599.045,2023-02-22,2023-05-31,Medium Spending,215,Low Recency
5139729,2,19050.43,9525.215,2023-07-14,2023-10-02,High Spending,91,Medium Recency
5139757,1,1804.8,1804.8,2023-08-30,2023-08-30,Low Spending,124,Medium Recency
5139823,1,9358.65,9358.65,2023-06-09,2023-06-09,Medium Spending,206,Low Recency
5139859,1,4662.1,4662.1,2023-10-01,2023-10-01,Medium Spending,92,Medium Recency
5139892,1,437.96,437.96,2023-04-29,2023-04-29,Low Spending,247,Low Recency
5139951,1,8094.82,8094.82,2023-09-08,2023-09-08,Medium Spending,115,Medium Recency
5140019,2,9860.32,4930.16,2023-03-02,2023-03-29,Medium Spending,278,Low Recency
5140074,1,3540.93,3540.93,2023-10-09,2023-10-09,Low Spending,84,High Recency
5142118,1,7945.74,7945.74,2023-03-08,2023-03-08,Medium Spending,299,Low Recency
5142136,1,6293.05,6293.05,2023-04-15,2023-04-15,Medium Spending,261,Low Recency
5142153,1,8076.44,8076.44,2023-02-20,2023-02-20,Medium Spending,315,Low Recency
5142185,2,9833.02,4916.51,2023-08-11,2023-08-21,Medium Spending,133,Medium Recency
5142239,1,6270.08,6270.08,2023-03-23,2023-03-23,Medium Spending,284,Low Recency
5142248,4,20544.18,5136.045,2023-01-23,2023-08-22,High Spending,132,Medium Recency
5142290,1,4897.07,4897.07,2023-10-17,2023-10-17,Medium Spending,76,High Recency
5142361,1,1747.39,1747.39,2023-07-17,2023-07-17,Low Spending,168,Medium Recency
5142448,1,3446.51,3446.51,2023-01-04,2023-01-04,Low Spending,362,Low Recency
5142456,1,3385.69,3385.69,2023-09-29,2023-09-29,Low Spending,94,Medium Recency
5142458,1,8341.92,8341.92,2023-06-12,2023-06-12,Medium Spending,203,Low Recency
5142459,2,10082.56,5041.28,2023-04-02,2023-04-21,Medium Spending,255,Low Recency
5142482,2,2642.05,1321.025,2023-04-30,2023-07-10,Low Spending,175,Medium Recency
5142529,1,465.4,465.4,2023-11-29,2023-11-29,Low Spending,33,High Recency
5142547,2,8424.27,4212.135,2023-01-27,2023-02-25,Medium Spending,310,Low Recency
5142579,1,735.83,735.83,2023-03-08,2023-03-08,Low Spending,299,Low Recency
5142584,1,3947.93,3947.93,2023-05-18,2023-05-18,Low Spending,228,Low Recency
5142595,1,753.81,753.81,2023-09-17,2023-09-17,Low Spending,106,Medium Recency
5142599,3,19503.18,6501.06,2023-09-14,2023-11-26,High Spending,36,High Recency
5142649,1,107.13,107.13,2023-01-13,2023-01-13,Low Spending,353,Low Recency
5142691,4,14493.43,3623.3575,2023-03-18,2023-07-27,High Spending,158,Medium Recency
5142733,1,2303.17,2303.17,2023-07-18,2023-07-18,Low Spending,167,Medium Recency
5142763,1,1772.39,1772.39,2023-06-07,2023-06-07,Low Spending,208,Low Recency
5142781,2,4552.28,2276.14,2023-03-20,2023-06-07,Medium Spending,208,Low Recency
5142812,1,1124.33,1124.33,2023-05-22,2023-05-22,Low Spending,224,Low Recency
5142815,2,7904.4400000000005,3952.2200000000003,2023-08-09,2023-08-27,Medium Spending,127,Medium Recency
5142899,1,8213.21,8213.21,2023-09-25,2023-09-25,Medium Spending,98,Medium Recency
5142920,1,6662.14,6662.14,2023-04-15,2023-04-15,Medium Spending,261,Low Recency
5142972,1,2193.85,2193.85,2023-05-02,2023-05-02,Low Spending,244,Low Recency
5143016,3,19071.56,6357.186666666667,2023-06-05,2024-01-01,High Spending,0,High Recency
5143079,1,1942.6,1942.6,2023-09-28,2023-09-28,Low Spending,95,Medium Recency
5143164,1,2516.18,2516.18,2023-04-30,2023-04-30,Low Spending,246,Low Recency
5143175,1,5715.87,5715.87,2023-01-12,2023-01-12,Medium Spending,354,Low Recency
5143231,3,21300.58,7100.193333333334,2023-03-14,2023-12-29,High Spending,3,High Recency
5143235,1,4305.45,4305.45,2023-09-21,2023-09-21,Low Spending,102,Medium Recency
5143314,2,3778.26,1889.13,2023-03-04,2023-08-22,Low Spending,132,Medium Recency
5143319,2,7557.94,3778.97,2023-08-04,2023-10-08,Medium Spending,85,High Recency
5143342,3,15816.55,5272.183333333333,2023-05-11,2023-09-01,High Spending,122,Medium Recency
5143353,2,15944.080000000002,7972.040000000001,2023-04-18,2023-12-14,High Spending,18,High Recency
5143360,1,5476.78,5476.78,2023-04-29,2023-04-29,Medium Spending,247,Low Recency
5143362,2,2507.87,1253.935,2023-06-11,2023-12-28,Low Spending,4,High Recency
5143374,1,2640.32,2640.32,2023-09-06,2023-09-06,Low Spending,117,Medium Recency
5143427,2,15793.98,7896.99,2023-06-17,2023-08-12,High Spending,142,Medium Recency
5143453,1,8607.0,8607.0,2023-06-06,2023-06-06,Medium Spending,209,Low Recency
5143457,1,5049.49,5049.49,2023-11-16,2023-11-16,Medium Spending,46,High Recency
5143465,1,7344.49,7344.49,2023-03-03,2023-03-03,Medium Spending,304,Low Recency
5143515,3,17484.75,5828.25,2023-04-10,2023-10-23,High Spending,70,High Recency
5143519,2,10453.87,5226.935,2023-06-06,2023-11-20,Medium Spending,42,High Recency
5143560,3,8898.98,2966.3266666666664,2023-06-26,2023-08-24,Medium Spending,130,Medium Recency
5143573,1,6473.84,6473.84,2023-05-11,2023-05-11,Medium Spending,235,Low Recency
5145817,6,37743.990000000005,6290.665000000001,2023-01-16,2023-10-09,High Spending,84,High Recency
5145964,2,8282.21,4141.105,2023-04-06,2023-09-04,Medium Spending,119,Medium Recency
5145965,1,4729.7,4729.7,2023-07-19,2023-07-19,Medium Spending,166,Medium Recency
5145968,1,6061.02,6061.02,2023-05-13,2023-05-13,Medium Spending,233,Low Recency
5145970,3,16840.94,5613.6466666666665,2023-08-01,2023-12-08,High Spending,24,High Recency
5145978,2,5125.610000000001,2562.8050000000003,2023-04-03,2023-09-22,Medium Spending,101,Medium Recency
5146005,2,8668.26,4334.13,2023-03-16,2023-05-02,Medium Spending,244,Low Recency
5146045,1,8579.36,8579.36,2023-09-09,2023-09-09,Medium Spending,114,Medium Recency
5146079,1,2878.68,2878.68,2023-08-03,2023-08-03,Low Spending,151,Medium Recency
5146086,1,8777.26,8777.26,2023-06-19,2023-06-19,Medium Spending,196,Medium Recency
5146114,3,16736.2,5578.733333333334,2023-03-12,2023-08-19,High Spending,135,Medium Recency
5146123,3,16372.39,5457.463333333333,2023-03-07,2023-11-27,High Spending,35,High Recency
5146167,3,26907.05,8969.016666666666,2023-01-25,2023-12-22,High Spending,10,High Recency
5146318,2,12144.54,6072.27,2023-02-19,2023-12-22,High Spending,10,High Recency
5146401,1,3318.59,3318.59,2023-11-23,2023-11-23,Low Spending,39,High Recency
5146410,2,11075.439999999999,5537.719999999999,2023-06-07,2023-12-10,High Spending,22,High Recency
5146429,3,11308.59,3769.53,2023-02-19,2023-10-13,High Spending,80,High Recency
5146447,2,6927.99,3463.995,2023-01-08,2023-03-15,Medium Spending,292,Low Recency
5146456,1,9367.37,9367.37,2023-11-01,2023-11-01,Medium Spending,61,High Recency
5146463,3,16219.8,5406.599999999999,2023-08-10,2023-11-27,High Spending,35,High Recency
5146472,3,14239.64,4746.546666666666,2023-01-04,2023-11-19,High Spending,43,High Recency
5146534,1,2813.82,2813.82,2023-08-31,2023-08-31,Low Spending,123,Medium Recency
5146558,3,23561.530000000002,7853.843333333334,2023-02-02,2023-10-21,High Spending,72,High Recency
5148525,1,6244.25,6244.25,2023-12-27,2023-12-27,Medium Spending,5,High Recency
5148535,1,2877.33,2877.33,2023-05-26,2023-05-26,Low Spending,220,Low Recency
5148573,2,4984.0599999999995,2492.0299999999997,2023-09-22,2023-10-19,Medium Spending,74,High Recency
5148669,1,391.05,391.05,2023-12-18,2023-12-18,Low Spending,14,High Recency
5148732,3,28477.42,9492.473333333333,2023-03-14,2023-08-09,High Spending,145,Medium Recency
5148748,1,1962.34,1962.34,2023-04-12,2023-04-12,Low Spending,264,Low Recency
5148812,2,13417.75,6708.875,2023-02-07,2023-04-23,High Spending,253,Low Recency
5148897,1,1005.36,1005.36,2023-08-01,2023-08-01,Low Spending,153,Medium Recency
5148915,2,8808.95,4404.475,2023-04-11,2023-09-25,Medium Spending,98,Medium Recency
5148934,3,15408.92,5136.306666666666,2023-07-25,2023-08-01,High Spending,153,Medium Recency
5149188,1,8317.63,8317.63,2023-11-04,2023-11-04,Medium Spending,58,High Recency
5149190,1,8478.66,8478.66,2023-08-22,2023-08-22,Medium Spending,132,Medium Recency
5149192,2,5789.18,2894.59,2023-10-20,2023-12-22,Medium Spending,10,High Recency
5149319,1,8303.19,8303.19,2023-04-21,2023-04-21,Medium Spending,255,Low Recency
5149327,1,3838.55,3838.55,2023-07-07,2023-07-07,Low Spending,178,Medium Recency
5149368,1,1772.56,1772.56,2023-02-10,2023-02-10,Low Spending,325,Low Recency
5149402,1,1727.55,1727.55,2023-12-14,2023-12-14,Low Spending,18,High Recency
5149413,1,8902.92,8902.92,2023-08-04,2023-08-04,Medium Spending,150,Medium Recency
5149484,2,10639.48,5319.74,2023-04-12,2023-08-24,Medium Spending,130,Medium Recency
5149592,3,7616.76,2538.92,2023-05-19,2023-10-13,Medium Spending,80,High Recency
5149647,1,3842.92,3842.92,2023-08-21,2023-08-21,Low Spending,133,Medium Recency
5149660,3,15908.66,5302.886666666666,2023-08-24,2023-12-19,High Spending,13,High Recency
5149744,1,2952.12,2952.12,2023-07-03,2023-07-03,Low Spending,182,Medium Recency
5149834,5,35597.71,7119.5419999999995,2023-01-05,2023-07-15,High Spending,170,Medium Recency
5149838,1,5302.56,5302.56,2023-10-17,2023-10-17,Medium Spending,76,High Recency
5149887,2,8775.94,4387.97,2023-01-27,2023-05-31,Medium Spending,215,Low Recency
5149946,1,8253.06,8253.06,2023-03-22,2023-03-22,Medium Spending,285,Low Recency
5149980,2,14752.68,7376.34,2023-06-03,2023-07-20,High Spending,165,Medium Recency
5150038,1,8606.75,8606.75,2023-02-07,2023-02-07,Medium Spending,328,Low Recency
5150047,1,4216.73,4216.73,2023-07-22,2023-07-22,Low Spending,163,Medium Recency
5150164,1,3054.0,3054.0,2023-07-25,2023-07-25,Low Spending,160,Medium Recency
5150221,1,9643.68,9643.68,2023-11-20,2023-11-20,Medium Spending,42,High Recency
